2025-05-29 00:12:56,674 - sqlalchemy.engine.Engine - INFO - select pg_catalog.version()
2025-05-29 00:12:56,675 - sqlalchemy.engine.Engine - INFO - [raw sql] ()
2025-05-29 00:12:56,679 - sqlalchemy.engine.Engine - INFO - select current_schema()
2025-05-29 00:12:56,680 - sqlalchemy.engine.Engine - INFO - [raw sql] ()
2025-05-29 00:12:56,682 - sqlalchemy.engine.Engine - INFO - show standard_conforming_strings
2025-05-29 00:12:56,683 - sqlalchemy.engine.Engine - INFO - [raw sql] ()
2025-05-29 00:12:56,684 - sqlalchemy.engine.Engine - INFO - BEGIN (implicit)
2025-05-29 00:12:56,689 - sqlalchemy.engine.Engine - INFO - SELECT pg_catalog.pg_class.relname 
FROM pg_catalog.pg_class JOIN pg_catalog.pg_namespace ON pg_catalog.pg_namespace.oid = pg_catalog.pg_class.relnamespace 
WHERE pg_catalog.pg_class.relname = $1::VARCHAR AND pg_catalog.pg_class.relkind = ANY (ARRAY[$2::VARCHAR, $3::VARCHAR, $4::VARCHAR, $5::VARCHAR, $6::VARCHAR]) AND pg_catalog.pg_table_is_visible(pg_catalog.pg_class.oid) AND pg_catalog.pg_namespace.nspname != $7::VARCHAR
2025-05-29 00:12:56,690 - sqlalchemy.engine.Engine - INFO - [generated in 0.00122s] ('books', 'r', 'p', 'f', 'v', 'm', 'pg_catalog')
2025-05-29 00:12:56,714 - sqlalchemy.engine.Engine - INFO - 
DROP TABLE books
2025-05-29 00:12:56,715 - sqlalchemy.engine.Engine - INFO - [no key 0.00062s] ()
2025-05-29 00:12:56,730 - sqlalchemy.engine.Engine - INFO - SELECT pg_catalog.pg_class.relname 
FROM pg_catalog.pg_class JOIN pg_catalog.pg_namespace ON pg_catalog.pg_namespace.oid = pg_catalog.pg_class.relnamespace 
WHERE pg_catalog.pg_class.relname = $1::VARCHAR AND pg_catalog.pg_class.relkind = ANY (ARRAY[$2::VARCHAR, $3::VARCHAR, $4::VARCHAR, $5::VARCHAR, $6::VARCHAR]) AND pg_catalog.pg_table_is_visible(pg_catalog.pg_class.oid) AND pg_catalog.pg_namespace.nspname != $7::VARCHAR
2025-05-29 00:12:56,731 - sqlalchemy.engine.Engine - INFO - [cached since 0.04195s ago] ('books', 'r', 'p', 'f', 'v', 'm', 'pg_catalog')
2025-05-29 00:12:56,733 - sqlalchemy.engine.Engine - INFO - 
CREATE TABLE books (
	id SERIAL NOT NULL, 
	title VARCHAR NOT NULL, 
	author VARCHAR NOT NULL, 
	year INTEGER NOT NULL, 
	genre VARCHAR NOT NULL, 
	pages INTEGER NOT NULL, 
	availability VARCHAR(20) NOT NULL, 
	cover_url VARCHAR, 
	description VARCHAR, 
	PRIMARY KEY (id)
)


2025-05-29 00:12:56,736 - sqlalchemy.engine.Engine - INFO - [no key 0.00253s] ()
2025-05-29 00:12:56,771 - sqlalchemy.engine.Engine - INFO - CREATE INDEX ix_books_id ON books (id)
2025-05-29 00:12:56,772 - sqlalchemy.engine.Engine - INFO - [no key 0.00052s] ()
2025-05-29 00:12:56,776 - sqlalchemy.engine.Engine - INFO - COMMIT
2025-05-29 00:13:23,039 - book_catalog - INFO - Поиск книги по ID: 13
2025-05-29 00:13:25,522 - httpx - INFO - HTTP Request: GET https://api.jsonbin.io/v3/b/682bbc1f8561e97a5017996e "HTTP/1.1 200 OK"
2025-05-29 00:13:25,530 - book_catalog - INFO - Получаем книгу по ID: {'id': 13, 'title': 'harry potter', 'author': 'J.K', 'year': 1997, 'genre': 'Ph', 'pages': 300, 'availability': 'available', 'cover_url': 'https://covers.openlibrary.org/b/id/10521270-L.jpg', 'description': 'Harry Potter #1\r\n\r\nWhen mysterious letters start arriving on his doorstep, Harry Potter has never heard of Hogwarts School of Witchcraft and Wizardry.\r\n\r\nThey are swiftly confiscated by his aunt and uncle.\r\n\r\nThen, on Harry’s eleventh birthday, a strange man bursts in with some important news: Harry Potter is a wizard and has been awarded a place to study at Hogwarts.\r\n\r\nAnd so the first of the Harry Potter adventures is set to begin.\r\n([source][1])\r\n\r\n\r\n  [1]: https://www.jkrowling.com/book/harry-potter-philosophers-stone/'}
2025-05-29 00:14:01,695 - httpx - INFO - HTTP Request: GET https://api.jsonbin.io/v3/b/682bbc1f8561e97a5017996e "HTTP/1.1 200 OK"
2025-05-29 00:14:01,700 - book_catalog - INFO - Создания книги: 'harry potter' | Хранилище: postgres
2025-05-29 00:14:02,803 - httpx - INFO - HTTP Request: GET https://openlibrary.org/search.json?q=title%3Aharry+potter&limit=1 "HTTP/1.1 200 OK"
2025-05-29 00:14:03,884 - httpx - INFO - HTTP Request: GET https://openlibrary.org/works/OL82563W.json "HTTP/1.1 200 OK"
2025-05-29 00:14:03,893 - sqlalchemy.engine.Engine - INFO - BEGIN (implicit)
2025-05-29 00:14:03,896 - sqlalchemy.engine.Engine - INFO - INSERT INTO books (title, author, year, genre, pages, availability, cover_url, description) VALUES ($1::VARCHAR, $2::VARCHAR, $3::INTEGER, $4::VARCHAR, $5::INTEGER, $6::VARCHAR, $7::VARCHAR, $8::VARCHAR) RETURNING books.id
2025-05-29 00:14:03,896 - sqlalchemy.engine.Engine - INFO - [generated in 0.00084s] ('harry potter', 'J.K', 1997, 'Ph', 300, <AvailabilityStatus.AVAILABLE: 'available'>, 'https://covers.openlibrary.org/b/id/10521270-L.jpg', 'Harry Potter #1\r\n\r\nWhen mysterious letters start arriving on his doorstep, Harry Potter has never heard of Hogwarts School of Witchcraft and Wiza ... (255 characters truncated) ... st of the Harry Potter adventures is set to begin.\r\n([source][1])\r\n\r\n\r\n  [1]: https://www.jkrowling.com/book/harry-potter-philosophers-stone/')
2025-05-29 00:14:03,902 - sqlalchemy.engine.Engine - INFO - COMMIT
2025-05-29 00:14:03,904 - sqlalchemy.engine.Engine - INFO - BEGIN (implicit)
2025-05-29 00:14:03,906 - sqlalchemy.engine.Engine - INFO - SELECT books.id, books.title, books.author, books.year, books.genre, books.pages, books.availability, books.cover_url, books.description 
FROM books 
WHERE books.id = $1::INTEGER
2025-05-29 00:14:03,907 - sqlalchemy.engine.Engine - INFO - [generated in 0.00072s] (1,)
2025-05-29 00:14:03,909 - book_catalog - INFO - Книга создана: <models.books.BookRepository object at 0x00000179B9F55B80>
2025-05-29 00:14:03,911 - sqlalchemy.engine.Engine - INFO - ROLLBACK
2025-05-29 00:14:38,867 - httpx - INFO - HTTP Request: GET https://api.jsonbin.io/v3/b/682bbc1f8561e97a5017996e "HTTP/1.1 200 OK"
2025-05-29 00:14:38,871 - book_catalog - INFO - Создания книги: 'harry potter' | Хранилище: postgres
2025-05-29 00:14:39,960 - httpx - INFO - HTTP Request: GET https://openlibrary.org/search.json?q=title%3Aharry+potter&limit=1 "HTTP/1.1 200 OK"
2025-05-29 00:14:40,970 - httpx - INFO - HTTP Request: GET https://openlibrary.org/works/OL82563W.json "HTTP/1.1 200 OK"
2025-05-29 00:14:40,976 - sqlalchemy.engine.Engine - INFO - BEGIN (implicit)
2025-05-29 00:14:40,978 - sqlalchemy.engine.Engine - INFO - INSERT INTO books (title, author, year, genre, pages, availability, cover_url, description) VALUES ($1::VARCHAR, $2::VARCHAR, $3::INTEGER, $4::VARCHAR, $5::INTEGER, $6::VARCHAR, $7::VARCHAR, $8::VARCHAR) RETURNING books.id
2025-05-29 00:14:40,981 - sqlalchemy.engine.Engine - INFO - [cached since 37.09s ago] ('harry potter', 'J.K', 1997, 'Ph', 300, <AvailabilityStatus.AVAILABLE: 'available'>, 'https://covers.openlibrary.org/b/id/10521270-L.jpg', 'Harry Potter #1\r\n\r\nWhen mysterious letters start arriving on his doorstep, Harry Potter has never heard of Hogwarts School of Witchcraft and Wiza ... (255 characters truncated) ... st of the Harry Potter adventures is set to begin.\r\n([source][1])\r\n\r\n\r\n  [1]: https://www.jkrowling.com/book/harry-potter-philosophers-stone/')
2025-05-29 00:14:40,987 - sqlalchemy.engine.Engine - INFO - COMMIT
2025-05-29 00:14:40,991 - sqlalchemy.engine.Engine - INFO - BEGIN (implicit)
2025-05-29 00:14:40,994 - sqlalchemy.engine.Engine - INFO - SELECT books.id, books.title, books.author, books.year, books.genre, books.pages, books.availability, books.cover_url, books.description 
FROM books 
WHERE books.id = $1::INTEGER
2025-05-29 00:14:40,997 - sqlalchemy.engine.Engine - INFO - [cached since 37.09s ago] (2,)
2025-05-29 00:14:41,001 - book_catalog - INFO - Книга создана: <models.books.BookRepository object at 0x00000179B9FD4BF0>
2025-05-29 00:14:41,005 - sqlalchemy.engine.Engine - INFO - ROLLBACK
2025-05-29 00:14:52,483 - book_catalog - INFO - Фильтрация title=None author=None genre=None limit=10 offset=0
2025-05-29 00:14:52,498 - sqlalchemy.engine.Engine - INFO - BEGIN (implicit)
2025-05-29 00:14:52,508 - sqlalchemy.engine.Engine - INFO - SELECT books.id, books.title, books.author, books.year, books.genre, books.pages, books.availability, books.cover_url, books.description 
FROM books 
 LIMIT $1::INTEGER
2025-05-29 00:14:52,509 - sqlalchemy.engine.Engine - INFO - [generated in 0.00093s] (10,)
2025-05-29 00:14:52,511 - book_catalog - INFO - Получаем отфильтрованный список книг[<models.books.BookRepository object at 0x00000179BA428BF0>, <models.books.BookRepository object at 0x00000179BA428140>]
2025-05-29 00:14:52,511 - sqlalchemy.engine.Engine - INFO - ROLLBACK
2025-05-29 00:25:29,930 - sqlalchemy.engine.Engine - INFO - select pg_catalog.version()
2025-05-29 00:25:29,931 - sqlalchemy.engine.Engine - INFO - [raw sql] ()
2025-05-29 00:25:29,933 - sqlalchemy.engine.Engine - INFO - select current_schema()
2025-05-29 00:25:29,934 - sqlalchemy.engine.Engine - INFO - [raw sql] ()
2025-05-29 00:25:29,936 - sqlalchemy.engine.Engine - INFO - show standard_conforming_strings
2025-05-29 00:25:29,936 - sqlalchemy.engine.Engine - INFO - [raw sql] ()
2025-05-29 00:25:29,938 - sqlalchemy.engine.Engine - INFO - BEGIN (implicit)
2025-05-29 00:25:29,942 - sqlalchemy.engine.Engine - INFO - SELECT pg_catalog.pg_class.relname 
FROM pg_catalog.pg_class JOIN pg_catalog.pg_namespace ON pg_catalog.pg_namespace.oid = pg_catalog.pg_class.relnamespace 
WHERE pg_catalog.pg_class.relname = $1::VARCHAR AND pg_catalog.pg_class.relkind = ANY (ARRAY[$2::VARCHAR, $3::VARCHAR, $4::VARCHAR, $5::VARCHAR, $6::VARCHAR]) AND pg_catalog.pg_table_is_visible(pg_catalog.pg_class.oid) AND pg_catalog.pg_namespace.nspname != $7::VARCHAR
2025-05-29 00:25:29,943 - sqlalchemy.engine.Engine - INFO - [generated in 0.00117s] ('books', 'r', 'p', 'f', 'v', 'm', 'pg_catalog')
2025-05-29 00:25:29,947 - sqlalchemy.engine.Engine - INFO - 
DROP TABLE books
2025-05-29 00:25:29,948 - sqlalchemy.engine.Engine - INFO - [no key 0.00059s] ()
2025-05-29 00:25:29,952 - sqlalchemy.engine.Engine - INFO - SELECT pg_catalog.pg_class.relname 
FROM pg_catalog.pg_class JOIN pg_catalog.pg_namespace ON pg_catalog.pg_namespace.oid = pg_catalog.pg_class.relnamespace 
WHERE pg_catalog.pg_class.relname = $1::VARCHAR AND pg_catalog.pg_class.relkind = ANY (ARRAY[$2::VARCHAR, $3::VARCHAR, $4::VARCHAR, $5::VARCHAR, $6::VARCHAR]) AND pg_catalog.pg_table_is_visible(pg_catalog.pg_class.oid) AND pg_catalog.pg_namespace.nspname != $7::VARCHAR
2025-05-29 00:25:29,953 - sqlalchemy.engine.Engine - INFO - [cached since 0.01103s ago] ('books', 'r', 'p', 'f', 'v', 'm', 'pg_catalog')
2025-05-29 00:25:29,955 - sqlalchemy.engine.Engine - INFO - 
CREATE TABLE books (
	id SERIAL NOT NULL, 
	title VARCHAR NOT NULL, 
	author VARCHAR NOT NULL, 
	year INTEGER NOT NULL, 
	genre VARCHAR NOT NULL, 
	pages INTEGER NOT NULL, 
	availability VARCHAR(20) NOT NULL, 
	cover_url VARCHAR, 
	description VARCHAR, 
	PRIMARY KEY (id)
)


2025-05-29 00:25:29,957 - sqlalchemy.engine.Engine - INFO - [no key 0.00171s] ()
2025-05-29 00:25:29,968 - sqlalchemy.engine.Engine - INFO - CREATE INDEX ix_books_id ON books (id)
2025-05-29 00:25:29,968 - sqlalchemy.engine.Engine - INFO - [no key 0.00048s] ()
2025-05-29 00:25:29,972 - sqlalchemy.engine.Engine - INFO - COMMENT ON COLUMN books.title IS 'Наименование книги'
2025-05-29 00:25:29,973 - sqlalchemy.engine.Engine - INFO - [no key 0.00053s] ()
2025-05-29 00:25:29,988 - sqlalchemy.engine.Engine - INFO - COMMENT ON COLUMN books.author IS 'Имя автора'
2025-05-29 00:25:29,989 - sqlalchemy.engine.Engine - INFO - [no key 0.00052s] ()
2025-05-29 00:25:29,990 - sqlalchemy.engine.Engine - INFO - COMMENT ON COLUMN books.year IS 'Год издания книги'
2025-05-29 00:25:29,990 - sqlalchemy.engine.Engine - INFO - [no key 0.00042s] ()
2025-05-29 00:25:29,991 - sqlalchemy.engine.Engine - INFO - COMMENT ON COLUMN books.genre IS 'Жанр книги'
2025-05-29 00:25:29,992 - sqlalchemy.engine.Engine - INFO - [no key 0.00044s] ()
2025-05-29 00:25:29,993 - sqlalchemy.engine.Engine - INFO - COMMENT ON COLUMN books.pages IS 'Количество страниц книги'
2025-05-29 00:25:29,993 - sqlalchemy.engine.Engine - INFO - [no key 0.00042s] ()
2025-05-29 00:25:29,994 - sqlalchemy.engine.Engine - INFO - COMMENT ON COLUMN books.availability IS 'Статус доступности'
2025-05-29 00:25:29,995 - sqlalchemy.engine.Engine - INFO - [no key 0.00089s] ()
2025-05-29 00:25:29,996 - sqlalchemy.engine.Engine - INFO - COMMENT ON COLUMN books.cover_url IS 'Ссылка на обложку'
2025-05-29 00:25:29,997 - sqlalchemy.engine.Engine - INFO - [no key 0.00051s] ()
2025-05-29 00:25:29,998 - sqlalchemy.engine.Engine - INFO - COMMENT ON COLUMN books.description IS 'Описание книги'
2025-05-29 00:25:29,998 - sqlalchemy.engine.Engine - INFO - [no key 0.00044s] ()
2025-05-29 00:25:30,000 - sqlalchemy.engine.Engine - INFO - COMMIT
2025-05-29 00:25:55,895 - httpx - INFO - HTTP Request: GET https://api.jsonbin.io/v3/b/682bbc1f8561e97a5017996e "HTTP/1.1 200 OK"
2025-05-29 00:25:55,903 - book_catalog - INFO - Создания книги: 'harry potter' | Хранилище: postgres
2025-05-29 00:25:58,023 - httpx - INFO - HTTP Request: GET https://openlibrary.org/search.json?q=title%3Aharry+potter&limit=1 "HTTP/1.1 200 OK"
2025-05-29 00:25:59,127 - httpx - INFO - HTTP Request: GET https://openlibrary.org/works/OL82563W.json "HTTP/1.1 200 OK"
2025-05-29 00:25:59,152 - sqlalchemy.engine.Engine - INFO - BEGIN (implicit)
2025-05-29 00:25:59,159 - sqlalchemy.engine.Engine - INFO - INSERT INTO books (title, author, year, genre, pages, availability, cover_url, description) VALUES ($1::VARCHAR, $2::VARCHAR, $3::INTEGER, $4::VARCHAR, $5::INTEGER, $6::VARCHAR, $7::VARCHAR, $8::VARCHAR) RETURNING books.id
2025-05-29 00:25:59,161 - sqlalchemy.engine.Engine - INFO - [generated in 0.00260s] ('harry potter', 'J.K', 1997, 'Ph', 300, <AvailabilityStatus.AVAILABLE: 'available'>, 'https://covers.openlibrary.org/b/id/10521270-L.jpg', 'Harry Potter #1\r\n\r\nWhen mysterious letters start arriving on his doorstep, Harry Potter has never heard of Hogwarts School of Witchcraft and Wiza ... (255 characters truncated) ... st of the Harry Potter adventures is set to begin.\r\n([source][1])\r\n\r\n\r\n  [1]: https://www.jkrowling.com/book/harry-potter-philosophers-stone/')
2025-05-29 00:25:59,171 - sqlalchemy.engine.Engine - INFO - COMMIT
2025-05-29 00:25:59,175 - sqlalchemy.engine.Engine - INFO - BEGIN (implicit)
2025-05-29 00:25:59,181 - sqlalchemy.engine.Engine - INFO - SELECT books.id, books.title, books.author, books.year, books.genre, books.pages, books.availability, books.cover_url, books.description 
FROM books 
WHERE books.id = $1::INTEGER
2025-05-29 00:25:59,183 - sqlalchemy.engine.Engine - INFO - [generated in 0.00179s] (1,)
2025-05-29 00:25:59,187 - book_catalog - INFO - Книга создана: <models.books.BookModel object at 0x0000024640D50710>
2025-05-29 00:25:59,188 - sqlalchemy.engine.Engine - INFO - ROLLBACK
2025-05-29 00:26:17,712 - book_catalog - INFO - Фильтрация title=None author=None genre=None limit=10 offset=0
2025-05-29 00:26:17,713 - sqlalchemy.engine.Engine - INFO - BEGIN (implicit)
2025-05-29 00:26:17,714 - sqlalchemy.engine.Engine - INFO - SELECT books.id, books.title, books.author, books.year, books.genre, books.pages, books.availability, books.cover_url, books.description 
FROM books 
 LIMIT $1::INTEGER
2025-05-29 00:26:17,716 - sqlalchemy.engine.Engine - INFO - [generated in 0.00141s] (10,)
2025-05-29 00:26:17,718 - book_catalog - INFO - Получаем отфильтрованный список книг[<models.books.BookModel object at 0x0000024640D71970>]
2025-05-29 00:26:17,720 - sqlalchemy.engine.Engine - INFO - ROLLBACK
2025-05-29 00:26:27,184 - book_catalog - INFO - Поиск книги по ID: 1
2025-05-29 00:26:27,185 - sqlalchemy.engine.Engine - INFO - BEGIN (implicit)
2025-05-29 00:26:27,186 - sqlalchemy.engine.Engine - INFO - SELECT books.id, books.title, books.author, books.year, books.genre, books.pages, books.availability, books.cover_url, books.description 
FROM books 
WHERE books.id = $1::INTEGER
2025-05-29 00:26:27,188 - sqlalchemy.engine.Engine - INFO - [generated in 0.00227s] (1,)
2025-05-29 00:26:27,191 - book_catalog - INFO - Получаем книгу по ID: <models.books.BookModel object at 0x0000024640D70050>
2025-05-29 00:26:27,192 - sqlalchemy.engine.Engine - INFO - ROLLBACK
2025-05-29 00:30:30,411 - sqlalchemy.engine.Engine - INFO - select pg_catalog.version()
2025-05-29 00:30:30,411 - sqlalchemy.engine.Engine - INFO - [raw sql] ()
2025-05-29 00:30:30,413 - sqlalchemy.engine.Engine - INFO - select current_schema()
2025-05-29 00:30:30,414 - sqlalchemy.engine.Engine - INFO - [raw sql] ()
2025-05-29 00:30:30,417 - sqlalchemy.engine.Engine - INFO - show standard_conforming_strings
2025-05-29 00:30:30,417 - sqlalchemy.engine.Engine - INFO - [raw sql] ()
2025-05-29 00:30:30,418 - sqlalchemy.engine.Engine - INFO - BEGIN (implicit)
2025-05-29 00:30:30,422 - sqlalchemy.engine.Engine - INFO - SELECT pg_catalog.pg_class.relname 
FROM pg_catalog.pg_class JOIN pg_catalog.pg_namespace ON pg_catalog.pg_namespace.oid = pg_catalog.pg_class.relnamespace 
WHERE pg_catalog.pg_class.relname = $1::VARCHAR AND pg_catalog.pg_class.relkind = ANY (ARRAY[$2::VARCHAR, $3::VARCHAR, $4::VARCHAR, $5::VARCHAR, $6::VARCHAR]) AND pg_catalog.pg_table_is_visible(pg_catalog.pg_class.oid) AND pg_catalog.pg_namespace.nspname != $7::VARCHAR
2025-05-29 00:30:30,423 - sqlalchemy.engine.Engine - INFO - [generated in 0.00093s] ('books', 'r', 'p', 'f', 'v', 'm', 'pg_catalog')
2025-05-29 00:30:30,427 - sqlalchemy.engine.Engine - INFO - 
DROP TABLE books
2025-05-29 00:30:30,427 - sqlalchemy.engine.Engine - INFO - [no key 0.00055s] ()
2025-05-29 00:30:30,432 - sqlalchemy.engine.Engine - INFO - SELECT pg_catalog.pg_class.relname 
FROM pg_catalog.pg_class JOIN pg_catalog.pg_namespace ON pg_catalog.pg_namespace.oid = pg_catalog.pg_class.relnamespace 
WHERE pg_catalog.pg_class.relname = $1::VARCHAR AND pg_catalog.pg_class.relkind = ANY (ARRAY[$2::VARCHAR, $3::VARCHAR, $4::VARCHAR, $5::VARCHAR, $6::VARCHAR]) AND pg_catalog.pg_table_is_visible(pg_catalog.pg_class.oid) AND pg_catalog.pg_namespace.nspname != $7::VARCHAR
2025-05-29 00:30:30,433 - sqlalchemy.engine.Engine - INFO - [cached since 0.01101s ago] ('books', 'r', 'p', 'f', 'v', 'm', 'pg_catalog')
2025-05-29 00:30:30,435 - sqlalchemy.engine.Engine - INFO - 
CREATE TABLE books (
	id SERIAL NOT NULL, 
	title VARCHAR NOT NULL, 
	author VARCHAR NOT NULL, 
	year INTEGER NOT NULL, 
	genre VARCHAR NOT NULL, 
	pages INTEGER NOT NULL, 
	availability VARCHAR(20) NOT NULL, 
	cover_url VARCHAR, 
	description VARCHAR, 
	PRIMARY KEY (id)
)


2025-05-29 00:30:30,437 - sqlalchemy.engine.Engine - INFO - [no key 0.00170s] ()
2025-05-29 00:30:30,446 - sqlalchemy.engine.Engine - INFO - CREATE INDEX ix_books_id ON books (id)
2025-05-29 00:30:30,447 - sqlalchemy.engine.Engine - INFO - [no key 0.00061s] ()
2025-05-29 00:30:30,452 - sqlalchemy.engine.Engine - INFO - COMMENT ON COLUMN books.title IS 'Наименование книги'
2025-05-29 00:30:30,452 - sqlalchemy.engine.Engine - INFO - [no key 0.00053s] ()
2025-05-29 00:30:30,454 - sqlalchemy.engine.Engine - INFO - COMMENT ON COLUMN books.author IS 'Имя автора'
2025-05-29 00:30:30,454 - sqlalchemy.engine.Engine - INFO - [no key 0.00047s] ()
2025-05-29 00:30:30,455 - sqlalchemy.engine.Engine - INFO - COMMENT ON COLUMN books.year IS 'Год издания книги'
2025-05-29 00:30:30,456 - sqlalchemy.engine.Engine - INFO - [no key 0.00094s] ()
2025-05-29 00:30:30,457 - sqlalchemy.engine.Engine - INFO - COMMENT ON COLUMN books.genre IS 'Жанр книги'
2025-05-29 00:30:30,458 - sqlalchemy.engine.Engine - INFO - [no key 0.00046s] ()
2025-05-29 00:30:30,459 - sqlalchemy.engine.Engine - INFO - COMMENT ON COLUMN books.pages IS 'Количество страниц книги'
2025-05-29 00:30:30,459 - sqlalchemy.engine.Engine - INFO - [no key 0.00041s] ()
2025-05-29 00:30:30,460 - sqlalchemy.engine.Engine - INFO - COMMENT ON COLUMN books.availability IS 'Статус доступности'
2025-05-29 00:30:30,461 - sqlalchemy.engine.Engine - INFO - [no key 0.00053s] ()
2025-05-29 00:30:30,462 - sqlalchemy.engine.Engine - INFO - COMMENT ON COLUMN books.cover_url IS 'Ссылка на обложку'
2025-05-29 00:30:30,462 - sqlalchemy.engine.Engine - INFO - [no key 0.00047s] ()
2025-05-29 00:30:30,464 - sqlalchemy.engine.Engine - INFO - COMMENT ON COLUMN books.description IS 'Описание книги'
2025-05-29 00:30:30,465 - sqlalchemy.engine.Engine - INFO - [no key 0.00126s] ()
2025-05-29 00:30:30,466 - sqlalchemy.engine.Engine - INFO - COMMIT
2025-05-29 00:33:15,808 - sqlalchemy.engine.Engine - INFO - select pg_catalog.version()
2025-05-29 00:33:15,810 - sqlalchemy.engine.Engine - INFO - [raw sql] ()
2025-05-29 00:33:15,812 - sqlalchemy.engine.Engine - INFO - select current_schema()
2025-05-29 00:33:15,813 - sqlalchemy.engine.Engine - INFO - [raw sql] ()
2025-05-29 00:33:15,814 - sqlalchemy.engine.Engine - INFO - show standard_conforming_strings
2025-05-29 00:33:15,815 - sqlalchemy.engine.Engine - INFO - [raw sql] ()
2025-05-29 00:33:15,817 - sqlalchemy.engine.Engine - INFO - BEGIN (implicit)
2025-05-29 00:33:15,821 - sqlalchemy.engine.Engine - INFO - SELECT pg_catalog.pg_class.relname 
FROM pg_catalog.pg_class JOIN pg_catalog.pg_namespace ON pg_catalog.pg_namespace.oid = pg_catalog.pg_class.relnamespace 
WHERE pg_catalog.pg_class.relname = $1::VARCHAR AND pg_catalog.pg_class.relkind = ANY (ARRAY[$2::VARCHAR, $3::VARCHAR, $4::VARCHAR, $5::VARCHAR, $6::VARCHAR]) AND pg_catalog.pg_table_is_visible(pg_catalog.pg_class.oid) AND pg_catalog.pg_namespace.nspname != $7::VARCHAR
2025-05-29 00:33:15,822 - sqlalchemy.engine.Engine - INFO - [generated in 0.00101s] ('books', 'r', 'p', 'f', 'v', 'm', 'pg_catalog')
2025-05-29 00:33:15,838 - sqlalchemy.engine.Engine - INFO - 
DROP TABLE books
2025-05-29 00:33:15,839 - sqlalchemy.engine.Engine - INFO - [no key 0.00069s] ()
2025-05-29 00:33:15,844 - sqlalchemy.engine.Engine - INFO - SELECT pg_catalog.pg_class.relname 
FROM pg_catalog.pg_class JOIN pg_catalog.pg_namespace ON pg_catalog.pg_namespace.oid = pg_catalog.pg_class.relnamespace 
WHERE pg_catalog.pg_class.relname = $1::VARCHAR AND pg_catalog.pg_class.relkind = ANY (ARRAY[$2::VARCHAR, $3::VARCHAR, $4::VARCHAR, $5::VARCHAR, $6::VARCHAR]) AND pg_catalog.pg_table_is_visible(pg_catalog.pg_class.oid) AND pg_catalog.pg_namespace.nspname != $7::VARCHAR
2025-05-29 00:33:15,845 - sqlalchemy.engine.Engine - INFO - [cached since 0.02393s ago] ('books', 'r', 'p', 'f', 'v', 'm', 'pg_catalog')
2025-05-29 00:33:15,848 - sqlalchemy.engine.Engine - INFO - 
CREATE TABLE books (
	id SERIAL NOT NULL, 
	title VARCHAR NOT NULL, 
	author VARCHAR NOT NULL, 
	year INTEGER NOT NULL, 
	genre VARCHAR NOT NULL, 
	pages INTEGER NOT NULL, 
	availability VARCHAR(20) NOT NULL, 
	cover_url VARCHAR, 
	description VARCHAR, 
	PRIMARY KEY (id)
)


2025-05-29 00:33:15,850 - sqlalchemy.engine.Engine - INFO - [no key 0.00218s] ()
2025-05-29 00:33:15,865 - sqlalchemy.engine.Engine - INFO - CREATE INDEX ix_books_id ON books (id)
2025-05-29 00:33:15,866 - sqlalchemy.engine.Engine - INFO - [no key 0.00089s] ()
2025-05-29 00:33:15,870 - sqlalchemy.engine.Engine - INFO - COMMENT ON COLUMN books.title IS 'Наименование книги'
2025-05-29 00:33:15,871 - sqlalchemy.engine.Engine - INFO - [no key 0.00070s] ()
2025-05-29 00:33:15,873 - sqlalchemy.engine.Engine - INFO - COMMENT ON COLUMN books.author IS 'Имя автора'
2025-05-29 00:33:15,873 - sqlalchemy.engine.Engine - INFO - [no key 0.00052s] ()
2025-05-29 00:33:15,877 - sqlalchemy.engine.Engine - INFO - COMMENT ON COLUMN books.year IS 'Год издания книги'
2025-05-29 00:33:15,877 - sqlalchemy.engine.Engine - INFO - [no key 0.00053s] ()
2025-05-29 00:33:15,878 - sqlalchemy.engine.Engine - INFO - COMMENT ON COLUMN books.genre IS 'Жанр книги'
2025-05-29 00:33:15,879 - sqlalchemy.engine.Engine - INFO - [no key 0.00045s] ()
2025-05-29 00:33:15,880 - sqlalchemy.engine.Engine - INFO - COMMENT ON COLUMN books.pages IS 'Количество страниц книги'
2025-05-29 00:33:15,880 - sqlalchemy.engine.Engine - INFO - [no key 0.00040s] ()
2025-05-29 00:33:15,881 - sqlalchemy.engine.Engine - INFO - COMMENT ON COLUMN books.availability IS 'Статус доступности'
2025-05-29 00:33:15,881 - sqlalchemy.engine.Engine - INFO - [no key 0.00038s] ()
2025-05-29 00:33:15,882 - sqlalchemy.engine.Engine - INFO - COMMENT ON COLUMN books.cover_url IS 'Ссылка на обложку'
2025-05-29 00:33:15,883 - sqlalchemy.engine.Engine - INFO - [no key 0.00051s] ()
2025-05-29 00:33:15,884 - sqlalchemy.engine.Engine - INFO - COMMENT ON COLUMN books.description IS 'Описание книги'
2025-05-29 00:33:15,885 - sqlalchemy.engine.Engine - INFO - [no key 0.00049s] ()
2025-05-29 00:33:15,886 - sqlalchemy.engine.Engine - INFO - COMMIT
2025-05-29 00:33:32,279 - httpx - INFO - HTTP Request: GET https://api.jsonbin.io/v3/b/682bbc1f8561e97a5017996e "HTTP/1.1 200 OK"
2025-05-29 00:33:32,287 - book_catalog - INFO - Создания книги: 'harry potter' | Хранилище: postgres
2025-05-29 00:33:33,379 - httpx - INFO - HTTP Request: GET https://openlibrary.org/search.json?q=title%3Aharry+potter&limit=1 "HTTP/1.1 200 OK"
2025-05-29 00:33:34,450 - httpx - INFO - HTTP Request: GET https://openlibrary.org/works/OL82563W.json "HTTP/1.1 200 OK"
2025-05-29 00:33:34,469 - sqlalchemy.engine.Engine - INFO - BEGIN (implicit)
2025-05-29 00:33:34,473 - sqlalchemy.engine.Engine - INFO - INSERT INTO books (title, author, year, genre, pages, availability, cover_url, description) VALUES ($1::VARCHAR, $2::VARCHAR, $3::INTEGER, $4::VARCHAR, $5::INTEGER, $6::VARCHAR, $7::VARCHAR, $8::VARCHAR) RETURNING books.id
2025-05-29 00:33:34,474 - sqlalchemy.engine.Engine - INFO - [generated in 0.00113s] ('harry potter', 'J.K', 1997, 'Ph', 300, <AvailabilityStatus.AVAILABLE: 'available'>, 'https://covers.openlibrary.org/b/id/10521270-L.jpg', 'Harry Potter #1\r\n\r\nWhen mysterious letters start arriving on his doorstep, Harry Potter has never heard of Hogwarts School of Witchcraft and Wiza ... (255 characters truncated) ... st of the Harry Potter adventures is set to begin.\r\n([source][1])\r\n\r\n\r\n  [1]: https://www.jkrowling.com/book/harry-potter-philosophers-stone/')
2025-05-29 00:33:34,482 - sqlalchemy.engine.Engine - INFO - COMMIT
2025-05-29 00:33:34,484 - sqlalchemy.engine.Engine - INFO - BEGIN (implicit)
2025-05-29 00:33:34,488 - sqlalchemy.engine.Engine - INFO - SELECT books.id, books.title, books.author, books.year, books.genre, books.pages, books.availability, books.cover_url, books.description 
FROM books 
WHERE books.id = $1::INTEGER
2025-05-29 00:33:34,489 - sqlalchemy.engine.Engine - INFO - [generated in 0.00121s] (1,)
2025-05-29 00:33:34,493 - book_catalog - INFO - Книга создана: <models.books.BookModel object at 0x0000015F2C72F4A0>
2025-05-29 00:33:34,495 - sqlalchemy.engine.Engine - INFO - ROLLBACK
2025-05-29 00:33:43,822 - book_catalog - INFO - Фильтрация title=None author=None genre=None limit=10 offset=0
2025-05-29 00:33:43,823 - sqlalchemy.engine.Engine - INFO - BEGIN (implicit)
2025-05-29 00:33:43,825 - sqlalchemy.engine.Engine - INFO - SELECT books.id, books.title, books.author, books.year, books.genre, books.pages, books.availability, books.cover_url, books.description 
FROM books 
 LIMIT $1::INTEGER
2025-05-29 00:33:43,833 - sqlalchemy.engine.Engine - INFO - [generated in 0.00809s] (10,)
2025-05-29 00:33:43,836 - book_catalog - INFO - Получаем отфильтрованный список книг[<models.books.BookModel object at 0x0000015F2C751D90>]
2025-05-29 00:33:43,837 - sqlalchemy.engine.Engine - INFO - ROLLBACK
2025-05-29 00:33:50,755 - book_catalog - INFO - Поиск книги по ID: 1
2025-05-29 00:33:50,757 - sqlalchemy.engine.Engine - INFO - BEGIN (implicit)
2025-05-29 00:33:50,759 - sqlalchemy.engine.Engine - INFO - SELECT books.id, books.title, books.author, books.year, books.genre, books.pages, books.availability, books.cover_url, books.description 
FROM books 
WHERE books.id = $1::INTEGER
2025-05-29 00:33:50,764 - sqlalchemy.engine.Engine - INFO - [generated in 0.00470s] (1,)
2025-05-29 00:33:50,766 - book_catalog - INFO - Получаем книгу по ID: <models.books.BookModel object at 0x0000015F2C750380>
2025-05-29 00:33:50,766 - sqlalchemy.engine.Engine - INFO - ROLLBACK
2025-05-29 00:35:19,118 - sqlalchemy.engine.Engine - INFO - select pg_catalog.version()
2025-05-29 00:35:19,119 - sqlalchemy.engine.Engine - INFO - [raw sql] ()
2025-05-29 00:35:19,121 - sqlalchemy.engine.Engine - INFO - select current_schema()
2025-05-29 00:35:19,121 - sqlalchemy.engine.Engine - INFO - [raw sql] ()
2025-05-29 00:35:19,123 - sqlalchemy.engine.Engine - INFO - show standard_conforming_strings
2025-05-29 00:35:19,124 - sqlalchemy.engine.Engine - INFO - [raw sql] ()
2025-05-29 00:35:19,125 - sqlalchemy.engine.Engine - INFO - BEGIN (implicit)
2025-05-29 00:35:19,130 - sqlalchemy.engine.Engine - INFO - SELECT pg_catalog.pg_class.relname 
FROM pg_catalog.pg_class JOIN pg_catalog.pg_namespace ON pg_catalog.pg_namespace.oid = pg_catalog.pg_class.relnamespace 
WHERE pg_catalog.pg_class.relname = $1::VARCHAR AND pg_catalog.pg_class.relkind = ANY (ARRAY[$2::VARCHAR, $3::VARCHAR, $4::VARCHAR, $5::VARCHAR, $6::VARCHAR]) AND pg_catalog.pg_table_is_visible(pg_catalog.pg_class.oid) AND pg_catalog.pg_namespace.nspname != $7::VARCHAR
2025-05-29 00:35:19,130 - sqlalchemy.engine.Engine - INFO - [generated in 0.00106s] ('books', 'r', 'p', 'f', 'v', 'm', 'pg_catalog')
2025-05-29 00:35:19,135 - sqlalchemy.engine.Engine - INFO - 
DROP TABLE books
2025-05-29 00:35:19,135 - sqlalchemy.engine.Engine - INFO - [no key 0.00069s] ()
2025-05-29 00:35:19,140 - sqlalchemy.engine.Engine - INFO - SELECT pg_catalog.pg_class.relname 
FROM pg_catalog.pg_class JOIN pg_catalog.pg_namespace ON pg_catalog.pg_namespace.oid = pg_catalog.pg_class.relnamespace 
WHERE pg_catalog.pg_class.relname = $1::VARCHAR AND pg_catalog.pg_class.relkind = ANY (ARRAY[$2::VARCHAR, $3::VARCHAR, $4::VARCHAR, $5::VARCHAR, $6::VARCHAR]) AND pg_catalog.pg_table_is_visible(pg_catalog.pg_class.oid) AND pg_catalog.pg_namespace.nspname != $7::VARCHAR
2025-05-29 00:35:19,141 - sqlalchemy.engine.Engine - INFO - [cached since 0.01144s ago] ('books', 'r', 'p', 'f', 'v', 'm', 'pg_catalog')
2025-05-29 00:35:19,143 - sqlalchemy.engine.Engine - INFO - 
CREATE TABLE books (
	id SERIAL NOT NULL, 
	title VARCHAR NOT NULL, 
	author VARCHAR NOT NULL, 
	year INTEGER NOT NULL, 
	genre VARCHAR NOT NULL, 
	pages INTEGER NOT NULL, 
	availability VARCHAR(20) NOT NULL, 
	cover_url VARCHAR, 
	description VARCHAR, 
	PRIMARY KEY (id)
)


2025-05-29 00:35:19,145 - sqlalchemy.engine.Engine - INFO - [no key 0.00195s] ()
2025-05-29 00:35:19,156 - sqlalchemy.engine.Engine - INFO - CREATE INDEX ix_books_id ON books (id)
2025-05-29 00:35:19,156 - sqlalchemy.engine.Engine - INFO - [no key 0.00055s] ()
2025-05-29 00:35:19,160 - sqlalchemy.engine.Engine - INFO - COMMENT ON COLUMN books.title IS 'Наименование книги'
2025-05-29 00:35:19,161 - sqlalchemy.engine.Engine - INFO - [no key 0.00092s] ()
2025-05-29 00:35:19,163 - sqlalchemy.engine.Engine - INFO - COMMENT ON COLUMN books.author IS 'Имя автора'
2025-05-29 00:35:19,163 - sqlalchemy.engine.Engine - INFO - [no key 0.00051s] ()
2025-05-29 00:35:19,165 - sqlalchemy.engine.Engine - INFO - COMMENT ON COLUMN books.year IS 'Год издания книги'
2025-05-29 00:35:19,165 - sqlalchemy.engine.Engine - INFO - [no key 0.00058s] ()
2025-05-29 00:35:19,166 - sqlalchemy.engine.Engine - INFO - COMMENT ON COLUMN books.genre IS 'Жанр книги'
2025-05-29 00:35:19,167 - sqlalchemy.engine.Engine - INFO - [no key 0.00048s] ()
2025-05-29 00:35:19,168 - sqlalchemy.engine.Engine - INFO - COMMENT ON COLUMN books.pages IS 'Количество страниц книги'
2025-05-29 00:35:19,168 - sqlalchemy.engine.Engine - INFO - [no key 0.00045s] ()
2025-05-29 00:35:19,169 - sqlalchemy.engine.Engine - INFO - COMMENT ON COLUMN books.availability IS 'Статус доступности'
2025-05-29 00:35:19,170 - sqlalchemy.engine.Engine - INFO - [no key 0.00045s] ()
2025-05-29 00:35:19,171 - sqlalchemy.engine.Engine - INFO - COMMENT ON COLUMN books.cover_url IS 'Ссылка на обложку'
2025-05-29 00:35:19,171 - sqlalchemy.engine.Engine - INFO - [no key 0.00045s] ()
2025-05-29 00:35:19,172 - sqlalchemy.engine.Engine - INFO - COMMENT ON COLUMN books.description IS 'Описание книги'
2025-05-29 00:35:19,173 - sqlalchemy.engine.Engine - INFO - [no key 0.00046s] ()
2025-05-29 00:35:19,174 - sqlalchemy.engine.Engine - INFO - COMMIT
2025-05-29 00:35:32,502 - httpx - INFO - HTTP Request: GET https://api.jsonbin.io/v3/b/682bbc1f8561e97a5017996e "HTTP/1.1 200 OK"
2025-05-29 00:35:32,513 - book_catalog - INFO - Создания книги: 'harry potter' | Хранилище: postgres
2025-05-29 00:35:33,630 - httpx - INFO - HTTP Request: GET https://openlibrary.org/search.json?q=title%3Aharry+potter&limit=1 "HTTP/1.1 200 OK"
2025-05-29 00:35:34,743 - httpx - INFO - HTTP Request: GET https://openlibrary.org/works/OL82563W.json "HTTP/1.1 200 OK"
2025-05-29 00:35:34,759 - sqlalchemy.engine.Engine - INFO - BEGIN (implicit)
2025-05-29 00:35:34,763 - sqlalchemy.engine.Engine - INFO - INSERT INTO books (title, author, year, genre, pages, availability, cover_url, description) VALUES ($1::VARCHAR, $2::VARCHAR, $3::INTEGER, $4::VARCHAR, $5::INTEGER, $6::VARCHAR, $7::VARCHAR, $8::VARCHAR) RETURNING books.id
2025-05-29 00:35:34,765 - sqlalchemy.engine.Engine - INFO - [generated in 0.00157s] ('harry potter', 'J.K', 1997, 'Ph', 300, <AvailabilityStatus.AVAILABLE: 'available'>, 'https://covers.openlibrary.org/b/id/10521270-L.jpg', 'Harry Potter #1\r\n\r\nWhen mysterious letters start arriving on his doorstep, Harry Potter has never heard of Hogwarts School of Witchcraft and Wiza ... (255 characters truncated) ... st of the Harry Potter adventures is set to begin.\r\n([source][1])\r\n\r\n\r\n  [1]: https://www.jkrowling.com/book/harry-potter-philosophers-stone/')
2025-05-29 00:35:34,774 - sqlalchemy.engine.Engine - INFO - COMMIT
2025-05-29 00:35:34,777 - sqlalchemy.engine.Engine - INFO - BEGIN (implicit)
2025-05-29 00:35:34,779 - sqlalchemy.engine.Engine - INFO - SELECT books.id, books.title, books.author, books.year, books.genre, books.pages, books.availability, books.cover_url, books.description 
FROM books 
WHERE books.id = $1::INTEGER
2025-05-29 00:35:34,780 - sqlalchemy.engine.Engine - INFO - [generated in 0.00086s] (1,)
2025-05-29 00:35:34,782 - book_catalog - INFO - Книга создана: <models.books.BookModel object at 0x0000029452F13200>
2025-05-29 00:35:34,783 - sqlalchemy.engine.Engine - INFO - ROLLBACK
2025-05-29 00:35:42,177 - book_catalog - INFO - Фильтрация title=None author=None genre=None limit=10 offset=0
2025-05-29 00:35:42,178 - sqlalchemy.engine.Engine - INFO - BEGIN (implicit)
2025-05-29 00:35:42,180 - sqlalchemy.engine.Engine - INFO - SELECT books.id, books.title, books.author, books.year, books.genre, books.pages, books.availability, books.cover_url, books.description 
FROM books 
 LIMIT $1::INTEGER
2025-05-29 00:35:42,180 - sqlalchemy.engine.Engine - INFO - [generated in 0.00080s] (10,)
2025-05-29 00:35:42,183 - book_catalog - INFO - Получаем отфильтрованный список книг[<models.books.BookModel object at 0x00000294583F1760>]
2025-05-29 00:35:42,183 - sqlalchemy.engine.Engine - INFO - ROLLBACK
2025-05-29 00:40:38,301 - sqlalchemy.engine.Engine - INFO - select pg_catalog.version()
2025-05-29 00:40:38,301 - sqlalchemy.engine.Engine - INFO - [raw sql] ()
2025-05-29 00:40:38,304 - sqlalchemy.engine.Engine - INFO - select current_schema()
2025-05-29 00:40:38,305 - sqlalchemy.engine.Engine - INFO - [raw sql] ()
2025-05-29 00:40:38,307 - sqlalchemy.engine.Engine - INFO - show standard_conforming_strings
2025-05-29 00:40:38,308 - sqlalchemy.engine.Engine - INFO - [raw sql] ()
2025-05-29 00:40:38,309 - sqlalchemy.engine.Engine - INFO - BEGIN (implicit)
2025-05-29 00:40:38,313 - sqlalchemy.engine.Engine - INFO - SELECT pg_catalog.pg_class.relname 
FROM pg_catalog.pg_class JOIN pg_catalog.pg_namespace ON pg_catalog.pg_namespace.oid = pg_catalog.pg_class.relnamespace 
WHERE pg_catalog.pg_class.relname = $1::VARCHAR AND pg_catalog.pg_class.relkind = ANY (ARRAY[$2::VARCHAR, $3::VARCHAR, $4::VARCHAR, $5::VARCHAR, $6::VARCHAR]) AND pg_catalog.pg_table_is_visible(pg_catalog.pg_class.oid) AND pg_catalog.pg_namespace.nspname != $7::VARCHAR
2025-05-29 00:40:38,314 - sqlalchemy.engine.Engine - INFO - [generated in 0.00101s] ('books', 'r', 'p', 'f', 'v', 'm', 'pg_catalog')
2025-05-29 00:40:38,318 - sqlalchemy.engine.Engine - INFO - 
DROP TABLE books
2025-05-29 00:40:38,318 - sqlalchemy.engine.Engine - INFO - [no key 0.00060s] ()
2025-05-29 00:40:38,324 - sqlalchemy.engine.Engine - INFO - SELECT pg_catalog.pg_class.relname 
FROM pg_catalog.pg_class JOIN pg_catalog.pg_namespace ON pg_catalog.pg_namespace.oid = pg_catalog.pg_class.relnamespace 
WHERE pg_catalog.pg_class.relname = $1::VARCHAR AND pg_catalog.pg_class.relkind = ANY (ARRAY[$2::VARCHAR, $3::VARCHAR, $4::VARCHAR, $5::VARCHAR, $6::VARCHAR]) AND pg_catalog.pg_table_is_visible(pg_catalog.pg_class.oid) AND pg_catalog.pg_namespace.nspname != $7::VARCHAR
2025-05-29 00:40:38,325 - sqlalchemy.engine.Engine - INFO - [cached since 0.01217s ago] ('books', 'r', 'p', 'f', 'v', 'm', 'pg_catalog')
2025-05-29 00:40:38,328 - sqlalchemy.engine.Engine - INFO - 
CREATE TABLE books (
	id SERIAL NOT NULL, 
	title VARCHAR NOT NULL, 
	author VARCHAR NOT NULL, 
	year INTEGER NOT NULL, 
	genre VARCHAR NOT NULL, 
	pages INTEGER NOT NULL, 
	availability VARCHAR(20) NOT NULL, 
	cover_url VARCHAR, 
	description VARCHAR, 
	PRIMARY KEY (id)
)


2025-05-29 00:40:38,330 - sqlalchemy.engine.Engine - INFO - [no key 0.00199s] ()
2025-05-29 00:40:38,341 - sqlalchemy.engine.Engine - INFO - CREATE INDEX ix_books_id ON books (id)
2025-05-29 00:40:38,342 - sqlalchemy.engine.Engine - INFO - [no key 0.00057s] ()
2025-05-29 00:40:38,346 - sqlalchemy.engine.Engine - INFO - COMMENT ON COLUMN books.title IS 'Наименование книги'
2025-05-29 00:40:38,347 - sqlalchemy.engine.Engine - INFO - [no key 0.00056s] ()
2025-05-29 00:40:38,348 - sqlalchemy.engine.Engine - INFO - COMMENT ON COLUMN books.author IS 'Имя автора'
2025-05-29 00:40:38,349 - sqlalchemy.engine.Engine - INFO - [no key 0.00047s] ()
2025-05-29 00:40:38,349 - sqlalchemy.engine.Engine - INFO - COMMENT ON COLUMN books.year IS 'Год издания книги'
2025-05-29 00:40:38,350 - sqlalchemy.engine.Engine - INFO - [no key 0.00042s] ()
2025-05-29 00:40:38,351 - sqlalchemy.engine.Engine - INFO - COMMENT ON COLUMN books.genre IS 'Жанр книги'
2025-05-29 00:40:38,351 - sqlalchemy.engine.Engine - INFO - [no key 0.00041s] ()
2025-05-29 00:40:38,352 - sqlalchemy.engine.Engine - INFO - COMMENT ON COLUMN books.pages IS 'Количество страниц книги'
2025-05-29 00:40:38,353 - sqlalchemy.engine.Engine - INFO - [no key 0.00048s] ()
2025-05-29 00:40:38,354 - sqlalchemy.engine.Engine - INFO - COMMENT ON COLUMN books.availability IS 'Статус доступности'
2025-05-29 00:40:38,355 - sqlalchemy.engine.Engine - INFO - [no key 0.00093s] ()
2025-05-29 00:40:38,356 - sqlalchemy.engine.Engine - INFO - COMMENT ON COLUMN books.cover_url IS 'Ссылка на обложку'
2025-05-29 00:40:38,357 - sqlalchemy.engine.Engine - INFO - [no key 0.00062s] ()
2025-05-29 00:40:38,358 - sqlalchemy.engine.Engine - INFO - COMMENT ON COLUMN books.description IS 'Описание книги'
2025-05-29 00:40:38,359 - sqlalchemy.engine.Engine - INFO - [no key 0.00044s] ()
2025-05-29 00:40:38,359 - sqlalchemy.engine.Engine - INFO - COMMIT
2025-05-29 00:41:37,399 - sqlalchemy.engine.Engine - INFO - select pg_catalog.version()
2025-05-29 00:41:37,400 - sqlalchemy.engine.Engine - INFO - [raw sql] ()
2025-05-29 00:41:37,402 - sqlalchemy.engine.Engine - INFO - select current_schema()
2025-05-29 00:41:37,402 - sqlalchemy.engine.Engine - INFO - [raw sql] ()
2025-05-29 00:41:37,404 - sqlalchemy.engine.Engine - INFO - show standard_conforming_strings
2025-05-29 00:41:37,404 - sqlalchemy.engine.Engine - INFO - [raw sql] ()
2025-05-29 00:41:37,406 - sqlalchemy.engine.Engine - INFO - BEGIN (implicit)
2025-05-29 00:41:37,410 - sqlalchemy.engine.Engine - INFO - SELECT pg_catalog.pg_class.relname 
FROM pg_catalog.pg_class JOIN pg_catalog.pg_namespace ON pg_catalog.pg_namespace.oid = pg_catalog.pg_class.relnamespace 
WHERE pg_catalog.pg_class.relname = $1::VARCHAR AND pg_catalog.pg_class.relkind = ANY (ARRAY[$2::VARCHAR, $3::VARCHAR, $4::VARCHAR, $5::VARCHAR, $6::VARCHAR]) AND pg_catalog.pg_table_is_visible(pg_catalog.pg_class.oid) AND pg_catalog.pg_namespace.nspname != $7::VARCHAR
2025-05-29 00:41:37,411 - sqlalchemy.engine.Engine - INFO - [generated in 0.00099s] ('books', 'r', 'p', 'f', 'v', 'm', 'pg_catalog')
2025-05-29 00:41:37,414 - sqlalchemy.engine.Engine - INFO - 
DROP TABLE books
2025-05-29 00:41:37,415 - sqlalchemy.engine.Engine - INFO - [no key 0.00074s] ()
2025-05-29 00:41:37,419 - sqlalchemy.engine.Engine - INFO - SELECT pg_catalog.pg_class.relname 
FROM pg_catalog.pg_class JOIN pg_catalog.pg_namespace ON pg_catalog.pg_namespace.oid = pg_catalog.pg_class.relnamespace 
WHERE pg_catalog.pg_class.relname = $1::VARCHAR AND pg_catalog.pg_class.relkind = ANY (ARRAY[$2::VARCHAR, $3::VARCHAR, $4::VARCHAR, $5::VARCHAR, $6::VARCHAR]) AND pg_catalog.pg_table_is_visible(pg_catalog.pg_class.oid) AND pg_catalog.pg_namespace.nspname != $7::VARCHAR
2025-05-29 00:41:37,420 - sqlalchemy.engine.Engine - INFO - [cached since 0.01075s ago] ('books', 'r', 'p', 'f', 'v', 'm', 'pg_catalog')
2025-05-29 00:41:37,422 - sqlalchemy.engine.Engine - INFO - 
CREATE TABLE books (
	id SERIAL NOT NULL, 
	title VARCHAR NOT NULL, 
	author VARCHAR NOT NULL, 
	year INTEGER NOT NULL, 
	genre VARCHAR NOT NULL, 
	pages INTEGER NOT NULL, 
	availability VARCHAR(20) NOT NULL, 
	cover_url VARCHAR, 
	description VARCHAR, 
	PRIMARY KEY (id)
)


2025-05-29 00:41:37,424 - sqlalchemy.engine.Engine - INFO - [no key 0.00170s] ()
2025-05-29 00:41:37,434 - sqlalchemy.engine.Engine - INFO - CREATE INDEX ix_books_id ON books (id)
2025-05-29 00:41:37,434 - sqlalchemy.engine.Engine - INFO - [no key 0.00049s] ()
2025-05-29 00:41:37,438 - sqlalchemy.engine.Engine - INFO - COMMENT ON COLUMN books.title IS 'Наименование книги'
2025-05-29 00:41:37,439 - sqlalchemy.engine.Engine - INFO - [no key 0.00047s] ()
2025-05-29 00:41:37,440 - sqlalchemy.engine.Engine - INFO - COMMENT ON COLUMN books.author IS 'Имя автора'
2025-05-29 00:41:37,440 - sqlalchemy.engine.Engine - INFO - [no key 0.00045s] ()
2025-05-29 00:41:37,441 - sqlalchemy.engine.Engine - INFO - COMMENT ON COLUMN books.year IS 'Год издания книги'
2025-05-29 00:41:37,442 - sqlalchemy.engine.Engine - INFO - [no key 0.00056s] ()
2025-05-29 00:41:37,443 - sqlalchemy.engine.Engine - INFO - COMMENT ON COLUMN books.genre IS 'Жанр книги'
2025-05-29 00:41:37,444 - sqlalchemy.engine.Engine - INFO - [no key 0.00051s] ()
2025-05-29 00:41:37,445 - sqlalchemy.engine.Engine - INFO - COMMENT ON COLUMN books.pages IS 'Количество страниц книги'
2025-05-29 00:41:37,445 - sqlalchemy.engine.Engine - INFO - [no key 0.00048s] ()
2025-05-29 00:41:37,446 - sqlalchemy.engine.Engine - INFO - COMMENT ON COLUMN books.availability IS 'Статус доступности'
2025-05-29 00:41:37,447 - sqlalchemy.engine.Engine - INFO - [no key 0.00085s] ()
2025-05-29 00:41:37,448 - sqlalchemy.engine.Engine - INFO - COMMENT ON COLUMN books.cover_url IS 'Ссылка на обложку'
2025-05-29 00:41:37,449 - sqlalchemy.engine.Engine - INFO - [no key 0.00044s] ()
2025-05-29 00:41:37,450 - sqlalchemy.engine.Engine - INFO - COMMENT ON COLUMN books.description IS 'Описание книги'
2025-05-29 00:41:37,450 - sqlalchemy.engine.Engine - INFO - [no key 0.00041s] ()
2025-05-29 00:41:37,451 - sqlalchemy.engine.Engine - INFO - COMMIT
2025-05-29 00:41:55,290 - httpx - INFO - HTTP Request: GET https://api.jsonbin.io/v3/b/682bbc1f8561e97a5017996e "HTTP/1.1 200 OK"
2025-05-29 00:41:55,304 - book_catalog - INFO - Создания книги: 'harry potter' | Хранилище: jsonbin
2025-05-29 00:41:56,377 - httpx - INFO - HTTP Request: GET https://api.jsonbin.io/v3/b/682bbc1f8561e97a5017996e "HTTP/1.1 200 OK"
2025-05-29 00:41:57,507 - httpx - INFO - HTTP Request: GET https://openlibrary.org/search.json?q=title%3Aharry+potter&limit=1 "HTTP/1.1 200 OK"
2025-05-29 00:41:58,558 - httpx - INFO - HTTP Request: GET https://openlibrary.org/works/OL82563W.json "HTTP/1.1 200 OK"
2025-05-29 00:41:59,473 - httpx - INFO - HTTP Request: GET https://api.jsonbin.io/v3/b/682bbc1f8561e97a5017996e "HTTP/1.1 200 OK"
2025-05-29 00:42:00,427 - httpx - INFO - HTTP Request: PUT https://api.jsonbin.io/v3/b/682bbc1f8561e97a5017996e "HTTP/1.1 200 OK"
2025-05-29 00:42:00,428 - book_catalog - INFO - Книга создана: {'id': 16, 'title': 'harry potter', 'author': 'J. K. Rowling', 'year': 1997, 'genre': 'Ph', 'pages': 300, 'availability': <AvailabilityStatus.AVAILABLE: 'available'>, 'cover_url': 'https://covers.openlibrary.org/b/id/10521270-L.jpg', 'description': 'Harry Potter #1\r\n\r\nWhen mysterious letters start arriving on his doorstep, Harry Potter has never heard of Hogwarts School of Witchcraft and Wizardry.\r\n\r\nThey are swiftly confiscated by his aunt and uncle.\r\n\r\nThen, on Harry’s eleventh birthday, a strange man bursts in with some important news: Harry Potter is a wizard and has been awarded a place to study at Hogwarts.\r\n\r\nAnd so the first of the Harry Potter adventures is set to begin.\r\n([source][1])\r\n\r\n\r\n  [1]: https://www.jkrowling.com/book/harry-potter-philosophers-stone/'}
2025-05-29 00:42:31,070 - book_catalog - INFO - Фильтрация title='harry potter' author=None genre=None limit=10 offset=0
2025-05-29 00:42:31,072 - sqlalchemy.engine.Engine - INFO - BEGIN (implicit)
2025-05-29 00:42:31,075 - sqlalchemy.engine.Engine - INFO - SELECT books.id, books.title, books.author, books.year, books.genre, books.pages, books.availability, books.cover_url, books.description 
FROM books 
WHERE books.title = $1::VARCHAR 
 LIMIT $2::INTEGER
2025-05-29 00:42:31,075 - sqlalchemy.engine.Engine - INFO - [generated in 0.00086s] ('harry potter', 10)
2025-05-29 00:42:31,078 - book_catalog - INFO - Получаем отфильтрованный список книг[]
2025-05-29 00:42:31,080 - sqlalchemy.engine.Engine - INFO - ROLLBACK
2025-05-29 00:42:37,282 - book_catalog - INFO - Фильтрация title='harry potter' author=None genre=None limit=10 offset=0
2025-05-29 00:42:38,357 - httpx - INFO - HTTP Request: GET https://api.jsonbin.io/v3/b/682bbc1f8561e97a5017996e "HTTP/1.1 200 OK"
2025-05-29 00:42:38,359 - book_catalog - INFO - Получаем отфильтрованный список книг[{'id': 9, 'title': 'harry potter', 'author': 'J. K. Rowling', 'year': 1997, 'genre': 'Ph', 'pages': 1500, 'availability': 'available', 'cover_url': 'https://covers.openlibrary.org/b/id/10521270-L.jpg', 'description': 'Harry Potter #1\r\n\r\nWhen mysterious letters start arriving on his doorstep, Harry Potter has never heard of Hogwarts School of Witchcraft and Wizardry.\r\n\r\nThey are swiftly confiscated by his aunt and uncle.\r\n\r\nThen, on Harry’s eleventh birthday, a strange man bursts in with some important news: Harry Potter is a wizard and has been awarded a place to study at Hogwarts.\r\n\r\nAnd so the first of the Harry Potter adventures is set to begin.\r\n([source][1])\r\n\r\n\r\n  [1]: https://www.jkrowling.com/book/harry-potter-philosophers-stone/'}, {'id': 10, 'title': 'harry potter', 'author': 'J. K. Rowling', 'year': 1997, 'genre': 'Phentesy', 'pages': 1500, 'availability': 'available', 'cover_url': 'https://covers.openlibrary.org/b/id/10521270-L.jpg', 'description': 'Harry Potter #1\r\n\r\nWhen mysterious letters start arriving on his doorstep, Harry Potter has never heard of Hogwarts School of Witchcraft and Wizardry.\r\n\r\nThey are swiftly confiscated by his aunt and uncle.\r\n\r\nThen, on Harry’s eleventh birthday, a strange man bursts in with some important news: Harry Potter is a wizard and has been awarded a place to study at Hogwarts.\r\n\r\nAnd so the first of the Harry Potter adventures is set to begin.\r\n([source][1])\r\n\r\n\r\n  [1]: https://www.jkrowling.com/book/harry-potter-philosophers-stone/'}, {'id': 11, 'title': 'harry potter', 'author': 'J. K. Rowling', 'year': 1997, 'genre': 'PH', 'pages': 300, 'availability': 'available', 'cover_url': 'https://covers.openlibrary.org/b/id/10521270-L.jpg', 'description': 'Harry Potter #1\r\n\r\nWhen mysterious letters start arriving on his doorstep, Harry Potter has never heard of Hogwarts School of Witchcraft and Wizardry.\r\n\r\nThey are swiftly confiscated by his aunt and uncle.\r\n\r\nThen, on Harry’s eleventh birthday, a strange man bursts in with some important news: Harry Potter is a wizard and has been awarded a place to study at Hogwarts.\r\n\r\nAnd so the first of the Harry Potter adventures is set to begin.\r\n([source][1])\r\n\r\n\r\n  [1]: https://www.jkrowling.com/book/harry-potter-philosophers-stone/'}, {'id': 12, 'title': 'harry potter', 'author': 'J. K. Rowling', 'year': 1997, 'genre': 'Ph', 'pages': 3000, 'availability': 'available', 'cover_url': 'https://covers.openlibrary.org/b/id/10521270-L.jpg', 'description': 'Harry Potter #1\r\n\r\nWhen mysterious letters start arriving on his doorstep, Harry Potter has never heard of Hogwarts School of Witchcraft and Wizardry.\r\n\r\nThey are swiftly confiscated by his aunt and uncle.\r\n\r\nThen, on Harry’s eleventh birthday, a strange man bursts in with some important news: Harry Potter is a wizard and has been awarded a place to study at Hogwarts.\r\n\r\nAnd so the first of the Harry Potter adventures is set to begin.\r\n([source][1])\r\n\r\n\r\n  [1]: https://www.jkrowling.com/book/harry-potter-philosophers-stone/'}, {'id': 13, 'title': 'harry potter', 'author': 'J.K', 'year': 1997, 'genre': 'Ph', 'pages': 300, 'availability': 'available', 'cover_url': 'https://covers.openlibrary.org/b/id/10521270-L.jpg', 'description': 'Harry Potter #1\r\n\r\nWhen mysterious letters start arriving on his doorstep, Harry Potter has never heard of Hogwarts School of Witchcraft and Wizardry.\r\n\r\nThey are swiftly confiscated by his aunt and uncle.\r\n\r\nThen, on Harry’s eleventh birthday, a strange man bursts in with some important news: Harry Potter is a wizard and has been awarded a place to study at Hogwarts.\r\n\r\nAnd so the first of the Harry Potter adventures is set to begin.\r\n([source][1])\r\n\r\n\r\n  [1]: https://www.jkrowling.com/book/harry-potter-philosophers-stone/'}, {'id': 14, 'title': 'harry potter', 'author': 'J. K. Rowling', 'year': 1997, 'genre': 'Ph', 'pages': 3000, 'availability': 'available', 'cover_url': 'https://covers.openlibrary.org/b/id/10521270-L.jpg', 'description': 'Harry Potter #1\r\n\r\nWhen mysterious letters start arriving on his doorstep, Harry Potter has never heard of Hogwarts School of Witchcraft and Wizardry.\r\n\r\nThey are swiftly confiscated by his aunt and uncle.\r\n\r\nThen, on Harry’s eleventh birthday, a strange man bursts in with some important news: Harry Potter is a wizard and has been awarded a place to study at Hogwarts.\r\n\r\nAnd so the first of the Harry Potter adventures is set to begin.\r\n([source][1])\r\n\r\n\r\n  [1]: https://www.jkrowling.com/book/harry-potter-philosophers-stone/'}, {'id': 15, 'title': 'harry potter', 'author': 'J. K. Rowling', 'year': 1997, 'genre': 'Ph', 'pages': 3000, 'availability': 'available', 'cover_url': 'https://covers.openlibrary.org/b/id/10521270-L.jpg', 'description': 'Harry Potter #1\r\n\r\nWhen mysterious letters start arriving on his doorstep, Harry Potter has never heard of Hogwarts School of Witchcraft and Wizardry.\r\n\r\nThey are swiftly confiscated by his aunt and uncle.\r\n\r\nThen, on Harry’s eleventh birthday, a strange man bursts in with some important news: Harry Potter is a wizard and has been awarded a place to study at Hogwarts.\r\n\r\nAnd so the first of the Harry Potter adventures is set to begin.\r\n([source][1])\r\n\r\n\r\n  [1]: https://www.jkrowling.com/book/harry-potter-philosophers-stone/'}, {'id': 16, 'title': 'harry potter', 'author': 'J. K. Rowling', 'year': 1997, 'genre': 'Ph', 'pages': 300, 'availability': 'available', 'cover_url': 'https://covers.openlibrary.org/b/id/10521270-L.jpg', 'description': 'Harry Potter #1\r\n\r\nWhen mysterious letters start arriving on his doorstep, Harry Potter has never heard of Hogwarts School of Witchcraft and Wizardry.\r\n\r\nThey are swiftly confiscated by his aunt and uncle.\r\n\r\nThen, on Harry’s eleventh birthday, a strange man bursts in with some important news: Harry Potter is a wizard and has been awarded a place to study at Hogwarts.\r\n\r\nAnd so the first of the Harry Potter adventures is set to begin.\r\n([source][1])\r\n\r\n\r\n  [1]: https://www.jkrowling.com/book/harry-potter-philosophers-stone/'}]
2025-05-29 00:42:52,968 - book_catalog - INFO - Поиск книги по ID: 16
2025-05-29 00:42:53,930 - httpx - INFO - HTTP Request: GET https://api.jsonbin.io/v3/b/682bbc1f8561e97a5017996e "HTTP/1.1 200 OK"
2025-05-29 00:42:53,932 - book_catalog - INFO - Получаем книгу по ID: {'id': 16, 'title': 'harry potter', 'author': 'J. K. Rowling', 'year': 1997, 'genre': 'Ph', 'pages': 300, 'availability': 'available', 'cover_url': 'https://covers.openlibrary.org/b/id/10521270-L.jpg', 'description': 'Harry Potter #1\r\n\r\nWhen mysterious letters start arriving on his doorstep, Harry Potter has never heard of Hogwarts School of Witchcraft and Wizardry.\r\n\r\nThey are swiftly confiscated by his aunt and uncle.\r\n\r\nThen, on Harry’s eleventh birthday, a strange man bursts in with some important news: Harry Potter is a wizard and has been awarded a place to study at Hogwarts.\r\n\r\nAnd so the first of the Harry Potter adventures is set to begin.\r\n([source][1])\r\n\r\n\r\n  [1]: https://www.jkrowling.com/book/harry-potter-philosophers-stone/'}
2025-05-29 00:43:32,496 - sqlalchemy.engine.Engine - INFO - select pg_catalog.version()
2025-05-29 00:43:32,496 - sqlalchemy.engine.Engine - INFO - [raw sql] ()
2025-05-29 00:43:32,499 - sqlalchemy.engine.Engine - INFO - select current_schema()
2025-05-29 00:43:32,499 - sqlalchemy.engine.Engine - INFO - [raw sql] ()
2025-05-29 00:43:32,501 - sqlalchemy.engine.Engine - INFO - show standard_conforming_strings
2025-05-29 00:43:32,501 - sqlalchemy.engine.Engine - INFO - [raw sql] ()
2025-05-29 00:43:32,502 - sqlalchemy.engine.Engine - INFO - BEGIN (implicit)
2025-05-29 00:43:32,506 - sqlalchemy.engine.Engine - INFO - SELECT pg_catalog.pg_class.relname 
FROM pg_catalog.pg_class JOIN pg_catalog.pg_namespace ON pg_catalog.pg_namespace.oid = pg_catalog.pg_class.relnamespace 
WHERE pg_catalog.pg_class.relname = $1::VARCHAR AND pg_catalog.pg_class.relkind = ANY (ARRAY[$2::VARCHAR, $3::VARCHAR, $4::VARCHAR, $5::VARCHAR, $6::VARCHAR]) AND pg_catalog.pg_table_is_visible(pg_catalog.pg_class.oid) AND pg_catalog.pg_namespace.nspname != $7::VARCHAR
2025-05-29 00:43:32,507 - sqlalchemy.engine.Engine - INFO - [generated in 0.00111s] ('books', 'r', 'p', 'f', 'v', 'm', 'pg_catalog')
2025-05-29 00:43:32,513 - sqlalchemy.engine.Engine - INFO - 
DROP TABLE books
2025-05-29 00:43:32,514 - sqlalchemy.engine.Engine - INFO - [no key 0.00062s] ()
2025-05-29 00:43:32,519 - sqlalchemy.engine.Engine - INFO - SELECT pg_catalog.pg_class.relname 
FROM pg_catalog.pg_class JOIN pg_catalog.pg_namespace ON pg_catalog.pg_namespace.oid = pg_catalog.pg_class.relnamespace 
WHERE pg_catalog.pg_class.relname = $1::VARCHAR AND pg_catalog.pg_class.relkind = ANY (ARRAY[$2::VARCHAR, $3::VARCHAR, $4::VARCHAR, $5::VARCHAR, $6::VARCHAR]) AND pg_catalog.pg_table_is_visible(pg_catalog.pg_class.oid) AND pg_catalog.pg_namespace.nspname != $7::VARCHAR
2025-05-29 00:43:32,520 - sqlalchemy.engine.Engine - INFO - [cached since 0.01367s ago] ('books', 'r', 'p', 'f', 'v', 'm', 'pg_catalog')
2025-05-29 00:43:32,522 - sqlalchemy.engine.Engine - INFO - 
CREATE TABLE books (
	id SERIAL NOT NULL, 
	title VARCHAR NOT NULL, 
	author VARCHAR NOT NULL, 
	year INTEGER NOT NULL, 
	genre VARCHAR NOT NULL, 
	pages INTEGER NOT NULL, 
	availability VARCHAR(20) NOT NULL, 
	cover_url VARCHAR, 
	description VARCHAR, 
	PRIMARY KEY (id)
)


2025-05-29 00:43:32,524 - sqlalchemy.engine.Engine - INFO - [no key 0.00168s] ()
2025-05-29 00:43:32,537 - sqlalchemy.engine.Engine - INFO - CREATE INDEX ix_books_id ON books (id)
2025-05-29 00:43:32,537 - sqlalchemy.engine.Engine - INFO - [no key 0.00049s] ()
2025-05-29 00:43:32,542 - sqlalchemy.engine.Engine - INFO - COMMENT ON COLUMN books.title IS 'Наименование книги'
2025-05-29 00:43:32,542 - sqlalchemy.engine.Engine - INFO - [no key 0.00052s] ()
2025-05-29 00:43:32,544 - sqlalchemy.engine.Engine - INFO - COMMENT ON COLUMN books.author IS 'Имя автора'
2025-05-29 00:43:32,544 - sqlalchemy.engine.Engine - INFO - [no key 0.00043s] ()
2025-05-29 00:43:32,545 - sqlalchemy.engine.Engine - INFO - COMMENT ON COLUMN books.year IS 'Год издания книги'
2025-05-29 00:43:32,546 - sqlalchemy.engine.Engine - INFO - [no key 0.00042s] ()
2025-05-29 00:43:32,547 - sqlalchemy.engine.Engine - INFO - COMMENT ON COLUMN books.genre IS 'Жанр книги'
2025-05-29 00:43:32,547 - sqlalchemy.engine.Engine - INFO - [no key 0.00041s] ()
2025-05-29 00:43:32,548 - sqlalchemy.engine.Engine - INFO - COMMENT ON COLUMN books.pages IS 'Количество страниц книги'
2025-05-29 00:43:32,549 - sqlalchemy.engine.Engine - INFO - [no key 0.00047s] ()
2025-05-29 00:43:32,550 - sqlalchemy.engine.Engine - INFO - COMMENT ON COLUMN books.availability IS 'Статус доступности'
2025-05-29 00:43:32,550 - sqlalchemy.engine.Engine - INFO - [no key 0.00042s] ()
2025-05-29 00:43:32,551 - sqlalchemy.engine.Engine - INFO - COMMENT ON COLUMN books.cover_url IS 'Ссылка на обложку'
2025-05-29 00:43:32,552 - sqlalchemy.engine.Engine - INFO - [no key 0.00045s] ()
2025-05-29 00:43:32,553 - sqlalchemy.engine.Engine - INFO - COMMENT ON COLUMN books.description IS 'Описание книги'
2025-05-29 00:43:32,553 - sqlalchemy.engine.Engine - INFO - [no key 0.00055s] ()
2025-05-29 00:43:32,554 - sqlalchemy.engine.Engine - INFO - COMMIT
2025-05-29 00:53:24,580 - sqlalchemy.engine.Engine - INFO - select pg_catalog.version()
2025-05-29 00:53:24,581 - sqlalchemy.engine.Engine - INFO - [raw sql] ()
2025-05-29 00:53:24,583 - sqlalchemy.engine.Engine - INFO - select current_schema()
2025-05-29 00:53:24,583 - sqlalchemy.engine.Engine - INFO - [raw sql] ()
2025-05-29 00:53:24,585 - sqlalchemy.engine.Engine - INFO - show standard_conforming_strings
2025-05-29 00:53:24,585 - sqlalchemy.engine.Engine - INFO - [raw sql] ()
2025-05-29 00:53:24,587 - sqlalchemy.engine.Engine - INFO - BEGIN (implicit)
2025-05-29 00:53:24,591 - sqlalchemy.engine.Engine - INFO - SELECT pg_catalog.pg_class.relname 
FROM pg_catalog.pg_class JOIN pg_catalog.pg_namespace ON pg_catalog.pg_namespace.oid = pg_catalog.pg_class.relnamespace 
WHERE pg_catalog.pg_class.relname = $1::VARCHAR AND pg_catalog.pg_class.relkind = ANY (ARRAY[$2::VARCHAR, $3::VARCHAR, $4::VARCHAR, $5::VARCHAR, $6::VARCHAR]) AND pg_catalog.pg_table_is_visible(pg_catalog.pg_class.oid) AND pg_catalog.pg_namespace.nspname != $7::VARCHAR
2025-05-29 00:53:24,592 - sqlalchemy.engine.Engine - INFO - [generated in 0.00102s] ('books', 'r', 'p', 'f', 'v', 'm', 'pg_catalog')
2025-05-29 00:53:24,597 - sqlalchemy.engine.Engine - INFO - 
DROP TABLE books
2025-05-29 00:53:24,598 - sqlalchemy.engine.Engine - INFO - [no key 0.00160s] ()
2025-05-29 00:53:24,603 - sqlalchemy.engine.Engine - INFO - SELECT pg_catalog.pg_class.relname 
FROM pg_catalog.pg_class JOIN pg_catalog.pg_namespace ON pg_catalog.pg_namespace.oid = pg_catalog.pg_class.relnamespace 
WHERE pg_catalog.pg_class.relname = $1::VARCHAR AND pg_catalog.pg_class.relkind = ANY (ARRAY[$2::VARCHAR, $3::VARCHAR, $4::VARCHAR, $5::VARCHAR, $6::VARCHAR]) AND pg_catalog.pg_table_is_visible(pg_catalog.pg_class.oid) AND pg_catalog.pg_namespace.nspname != $7::VARCHAR
2025-05-29 00:53:24,604 - sqlalchemy.engine.Engine - INFO - [cached since 0.01321s ago] ('books', 'r', 'p', 'f', 'v', 'm', 'pg_catalog')
2025-05-29 00:53:24,607 - sqlalchemy.engine.Engine - INFO - 
CREATE TABLE books (
	id SERIAL NOT NULL, 
	title VARCHAR NOT NULL, 
	author VARCHAR NOT NULL, 
	year INTEGER NOT NULL, 
	genre VARCHAR NOT NULL, 
	pages INTEGER NOT NULL, 
	availability VARCHAR(20) NOT NULL, 
	cover_url VARCHAR, 
	description VARCHAR, 
	PRIMARY KEY (id)
)


2025-05-29 00:53:24,609 - sqlalchemy.engine.Engine - INFO - [no key 0.00193s] ()
2025-05-29 00:53:24,620 - sqlalchemy.engine.Engine - INFO - CREATE INDEX ix_books_id ON books (id)
2025-05-29 00:53:24,621 - sqlalchemy.engine.Engine - INFO - [no key 0.00059s] ()
2025-05-29 00:53:24,625 - sqlalchemy.engine.Engine - INFO - COMMENT ON COLUMN books.title IS 'Наименование книги'
2025-05-29 00:53:24,626 - sqlalchemy.engine.Engine - INFO - [no key 0.00052s] ()
2025-05-29 00:53:24,627 - sqlalchemy.engine.Engine - INFO - COMMENT ON COLUMN books.author IS 'Имя автора'
2025-05-29 00:53:24,629 - sqlalchemy.engine.Engine - INFO - [no key 0.00203s] ()
2025-05-29 00:53:24,630 - sqlalchemy.engine.Engine - INFO - COMMENT ON COLUMN books.year IS 'Год издания книги'
2025-05-29 00:53:24,631 - sqlalchemy.engine.Engine - INFO - [no key 0.00049s] ()
2025-05-29 00:53:24,632 - sqlalchemy.engine.Engine - INFO - COMMENT ON COLUMN books.genre IS 'Жанр книги'
2025-05-29 00:53:24,632 - sqlalchemy.engine.Engine - INFO - [no key 0.00048s] ()
2025-05-29 00:53:24,634 - sqlalchemy.engine.Engine - INFO - COMMENT ON COLUMN books.pages IS 'Количество страниц книги'
2025-05-29 00:53:24,634 - sqlalchemy.engine.Engine - INFO - [no key 0.00055s] ()
2025-05-29 00:53:24,635 - sqlalchemy.engine.Engine - INFO - COMMENT ON COLUMN books.availability IS 'Статус доступности'
2025-05-29 00:53:24,635 - sqlalchemy.engine.Engine - INFO - [no key 0.00042s] ()
2025-05-29 00:53:24,636 - sqlalchemy.engine.Engine - INFO - COMMENT ON COLUMN books.cover_url IS 'Ссылка на обложку'
2025-05-29 00:53:24,637 - sqlalchemy.engine.Engine - INFO - [no key 0.00042s] ()
2025-05-29 00:53:24,638 - sqlalchemy.engine.Engine - INFO - COMMENT ON COLUMN books.description IS 'Описание книги'
2025-05-29 00:53:24,639 - sqlalchemy.engine.Engine - INFO - [no key 0.00055s] ()
2025-05-29 00:53:24,640 - sqlalchemy.engine.Engine - INFO - COMMIT
2025-05-29 01:01:20,826 - sqlalchemy.engine.Engine - INFO - select pg_catalog.version()
2025-05-29 01:01:20,826 - sqlalchemy.engine.Engine - INFO - [raw sql] ()
2025-05-29 01:01:20,828 - sqlalchemy.engine.Engine - INFO - select current_schema()
2025-05-29 01:01:20,829 - sqlalchemy.engine.Engine - INFO - [raw sql] ()
2025-05-29 01:01:20,830 - sqlalchemy.engine.Engine - INFO - show standard_conforming_strings
2025-05-29 01:01:20,831 - sqlalchemy.engine.Engine - INFO - [raw sql] ()
2025-05-29 01:01:20,832 - sqlalchemy.engine.Engine - INFO - BEGIN (implicit)
2025-05-29 01:01:20,836 - sqlalchemy.engine.Engine - INFO - SELECT pg_catalog.pg_class.relname 
FROM pg_catalog.pg_class JOIN pg_catalog.pg_namespace ON pg_catalog.pg_namespace.oid = pg_catalog.pg_class.relnamespace 
WHERE pg_catalog.pg_class.relname = $1::VARCHAR AND pg_catalog.pg_class.relkind = ANY (ARRAY[$2::VARCHAR, $3::VARCHAR, $4::VARCHAR, $5::VARCHAR, $6::VARCHAR]) AND pg_catalog.pg_table_is_visible(pg_catalog.pg_class.oid) AND pg_catalog.pg_namespace.nspname != $7::VARCHAR
2025-05-29 01:01:20,837 - sqlalchemy.engine.Engine - INFO - [generated in 0.00093s] ('books', 'r', 'p', 'f', 'v', 'm', 'pg_catalog')
2025-05-29 01:01:20,840 - sqlalchemy.engine.Engine - INFO - 
DROP TABLE books
2025-05-29 01:01:20,841 - sqlalchemy.engine.Engine - INFO - [no key 0.00058s] ()
2025-05-29 01:01:20,845 - sqlalchemy.engine.Engine - INFO - SELECT pg_catalog.pg_class.relname 
FROM pg_catalog.pg_class JOIN pg_catalog.pg_namespace ON pg_catalog.pg_namespace.oid = pg_catalog.pg_class.relnamespace 
WHERE pg_catalog.pg_class.relname = $1::VARCHAR AND pg_catalog.pg_class.relkind = ANY (ARRAY[$2::VARCHAR, $3::VARCHAR, $4::VARCHAR, $5::VARCHAR, $6::VARCHAR]) AND pg_catalog.pg_table_is_visible(pg_catalog.pg_class.oid) AND pg_catalog.pg_namespace.nspname != $7::VARCHAR
2025-05-29 01:01:20,846 - sqlalchemy.engine.Engine - INFO - [cached since 0.01023s ago] ('books', 'r', 'p', 'f', 'v', 'm', 'pg_catalog')
2025-05-29 01:01:20,848 - sqlalchemy.engine.Engine - INFO - 
CREATE TABLE books (
	id SERIAL NOT NULL, 
	title VARCHAR NOT NULL, 
	author VARCHAR NOT NULL, 
	year INTEGER NOT NULL, 
	genre VARCHAR NOT NULL, 
	pages INTEGER NOT NULL, 
	availability VARCHAR(20) NOT NULL, 
	cover_url VARCHAR, 
	description VARCHAR, 
	PRIMARY KEY (id)
)


2025-05-29 01:01:20,850 - sqlalchemy.engine.Engine - INFO - [no key 0.00170s] ()
2025-05-29 01:01:20,859 - sqlalchemy.engine.Engine - INFO - CREATE INDEX ix_books_id ON books (id)
2025-05-29 01:01:20,860 - sqlalchemy.engine.Engine - INFO - [no key 0.00051s] ()
2025-05-29 01:01:20,864 - sqlalchemy.engine.Engine - INFO - COMMENT ON COLUMN books.title IS 'Наименование книги'
2025-05-29 01:01:20,864 - sqlalchemy.engine.Engine - INFO - [no key 0.00049s] ()
2025-05-29 01:01:20,865 - sqlalchemy.engine.Engine - INFO - COMMENT ON COLUMN books.author IS 'Имя автора'
2025-05-29 01:01:20,866 - sqlalchemy.engine.Engine - INFO - [no key 0.00045s] ()
2025-05-29 01:01:20,867 - sqlalchemy.engine.Engine - INFO - COMMENT ON COLUMN books.year IS 'Год издания книги'
2025-05-29 01:01:20,867 - sqlalchemy.engine.Engine - INFO - [no key 0.00050s] ()
2025-05-29 01:01:20,868 - sqlalchemy.engine.Engine - INFO - COMMENT ON COLUMN books.genre IS 'Жанр книги'
2025-05-29 01:01:20,869 - sqlalchemy.engine.Engine - INFO - [no key 0.00044s] ()
2025-05-29 01:01:20,870 - sqlalchemy.engine.Engine - INFO - COMMENT ON COLUMN books.pages IS 'Количество страниц книги'
2025-05-29 01:01:20,870 - sqlalchemy.engine.Engine - INFO - [no key 0.00042s] ()
2025-05-29 01:01:20,871 - sqlalchemy.engine.Engine - INFO - COMMENT ON COLUMN books.availability IS 'Статус доступности'
2025-05-29 01:01:20,871 - sqlalchemy.engine.Engine - INFO - [no key 0.00042s] ()
2025-05-29 01:01:20,872 - sqlalchemy.engine.Engine - INFO - COMMENT ON COLUMN books.cover_url IS 'Ссылка на обложку'
2025-05-29 01:01:20,873 - sqlalchemy.engine.Engine - INFO - [no key 0.00043s] ()
2025-05-29 01:01:20,874 - sqlalchemy.engine.Engine - INFO - COMMENT ON COLUMN books.description IS 'Описание книги'
2025-05-29 01:01:20,874 - sqlalchemy.engine.Engine - INFO - [no key 0.00049s] ()
2025-05-29 01:01:20,875 - sqlalchemy.engine.Engine - INFO - COMMIT
2025-05-29 01:02:46,094 - sqlalchemy.engine.Engine - INFO - select pg_catalog.version()
2025-05-29 01:02:46,094 - sqlalchemy.engine.Engine - INFO - [raw sql] ()
2025-05-29 01:02:46,097 - sqlalchemy.engine.Engine - INFO - select current_schema()
2025-05-29 01:02:46,097 - sqlalchemy.engine.Engine - INFO - [raw sql] ()
2025-05-29 01:02:46,099 - sqlalchemy.engine.Engine - INFO - show standard_conforming_strings
2025-05-29 01:02:46,099 - sqlalchemy.engine.Engine - INFO - [raw sql] ()
2025-05-29 01:02:46,100 - sqlalchemy.engine.Engine - INFO - BEGIN (implicit)
2025-05-29 01:02:46,104 - sqlalchemy.engine.Engine - INFO - SELECT pg_catalog.pg_class.relname 
FROM pg_catalog.pg_class JOIN pg_catalog.pg_namespace ON pg_catalog.pg_namespace.oid = pg_catalog.pg_class.relnamespace 
WHERE pg_catalog.pg_class.relname = $1::VARCHAR AND pg_catalog.pg_class.relkind = ANY (ARRAY[$2::VARCHAR, $3::VARCHAR, $4::VARCHAR, $5::VARCHAR, $6::VARCHAR]) AND pg_catalog.pg_table_is_visible(pg_catalog.pg_class.oid) AND pg_catalog.pg_namespace.nspname != $7::VARCHAR
2025-05-29 01:02:46,105 - sqlalchemy.engine.Engine - INFO - [generated in 0.00091s] ('books', 'r', 'p', 'f', 'v', 'm', 'pg_catalog')
2025-05-29 01:02:46,110 - sqlalchemy.engine.Engine - INFO - 
DROP TABLE books
2025-05-29 01:02:46,110 - sqlalchemy.engine.Engine - INFO - [no key 0.00100s] ()
2025-05-29 01:02:46,115 - sqlalchemy.engine.Engine - INFO - SELECT pg_catalog.pg_class.relname 
FROM pg_catalog.pg_class JOIN pg_catalog.pg_namespace ON pg_catalog.pg_namespace.oid = pg_catalog.pg_class.relnamespace 
WHERE pg_catalog.pg_class.relname = $1::VARCHAR AND pg_catalog.pg_class.relkind = ANY (ARRAY[$2::VARCHAR, $3::VARCHAR, $4::VARCHAR, $5::VARCHAR, $6::VARCHAR]) AND pg_catalog.pg_table_is_visible(pg_catalog.pg_class.oid) AND pg_catalog.pg_namespace.nspname != $7::VARCHAR
2025-05-29 01:02:46,116 - sqlalchemy.engine.Engine - INFO - [cached since 0.01147s ago] ('books', 'r', 'p', 'f', 'v', 'm', 'pg_catalog')
2025-05-29 01:02:46,118 - sqlalchemy.engine.Engine - INFO - 
CREATE TABLE books (
	id SERIAL NOT NULL, 
	title VARCHAR NOT NULL, 
	author VARCHAR NOT NULL, 
	year INTEGER NOT NULL, 
	genre VARCHAR NOT NULL, 
	pages INTEGER NOT NULL, 
	availability VARCHAR(20) NOT NULL, 
	cover_url VARCHAR, 
	description VARCHAR, 
	PRIMARY KEY (id)
)


2025-05-29 01:02:46,119 - sqlalchemy.engine.Engine - INFO - [no key 0.00171s] ()
2025-05-29 01:02:46,136 - sqlalchemy.engine.Engine - INFO - CREATE INDEX ix_books_id ON books (id)
2025-05-29 01:02:46,136 - sqlalchemy.engine.Engine - INFO - [no key 0.00052s] ()
2025-05-29 01:02:46,140 - sqlalchemy.engine.Engine - INFO - COMMENT ON COLUMN books.title IS 'Наименование книги'
2025-05-29 01:02:46,141 - sqlalchemy.engine.Engine - INFO - [no key 0.00051s] ()
2025-05-29 01:02:46,144 - sqlalchemy.engine.Engine - INFO - COMMENT ON COLUMN books.author IS 'Имя автора'
2025-05-29 01:02:46,145 - sqlalchemy.engine.Engine - INFO - [no key 0.00056s] ()
2025-05-29 01:02:46,145 - sqlalchemy.engine.Engine - INFO - COMMENT ON COLUMN books.year IS 'Год издания книги'
2025-05-29 01:02:46,146 - sqlalchemy.engine.Engine - INFO - [no key 0.00042s] ()
2025-05-29 01:02:46,147 - sqlalchemy.engine.Engine - INFO - COMMENT ON COLUMN books.genre IS 'Жанр книги'
2025-05-29 01:02:46,147 - sqlalchemy.engine.Engine - INFO - [no key 0.00039s] ()
2025-05-29 01:02:46,148 - sqlalchemy.engine.Engine - INFO - COMMENT ON COLUMN books.pages IS 'Количество страниц книги'
2025-05-29 01:02:46,148 - sqlalchemy.engine.Engine - INFO - [no key 0.00040s] ()
2025-05-29 01:02:46,149 - sqlalchemy.engine.Engine - INFO - COMMENT ON COLUMN books.availability IS 'Статус доступности'
2025-05-29 01:02:46,150 - sqlalchemy.engine.Engine - INFO - [no key 0.00041s] ()
2025-05-29 01:02:46,151 - sqlalchemy.engine.Engine - INFO - COMMENT ON COLUMN books.cover_url IS 'Ссылка на обложку'
2025-05-29 01:02:46,151 - sqlalchemy.engine.Engine - INFO - [no key 0.00039s] ()
2025-05-29 01:02:46,152 - sqlalchemy.engine.Engine - INFO - COMMENT ON COLUMN books.description IS 'Описание книги'
2025-05-29 01:02:46,152 - sqlalchemy.engine.Engine - INFO - [no key 0.00039s] ()
2025-05-29 01:02:46,153 - sqlalchemy.engine.Engine - INFO - COMMIT
2025-05-29 01:03:06,108 - sqlalchemy.engine.Engine - INFO - select pg_catalog.version()
2025-05-29 01:03:06,108 - sqlalchemy.engine.Engine - INFO - [raw sql] ()
2025-05-29 01:03:06,110 - sqlalchemy.engine.Engine - INFO - select current_schema()
2025-05-29 01:03:06,111 - sqlalchemy.engine.Engine - INFO - [raw sql] ()
2025-05-29 01:03:06,113 - sqlalchemy.engine.Engine - INFO - show standard_conforming_strings
2025-05-29 01:03:06,114 - sqlalchemy.engine.Engine - INFO - [raw sql] ()
2025-05-29 01:03:06,115 - sqlalchemy.engine.Engine - INFO - BEGIN (implicit)
2025-05-29 01:03:06,119 - sqlalchemy.engine.Engine - INFO - SELECT pg_catalog.pg_class.relname 
FROM pg_catalog.pg_class JOIN pg_catalog.pg_namespace ON pg_catalog.pg_namespace.oid = pg_catalog.pg_class.relnamespace 
WHERE pg_catalog.pg_class.relname = $1::VARCHAR AND pg_catalog.pg_class.relkind = ANY (ARRAY[$2::VARCHAR, $3::VARCHAR, $4::VARCHAR, $5::VARCHAR, $6::VARCHAR]) AND pg_catalog.pg_table_is_visible(pg_catalog.pg_class.oid) AND pg_catalog.pg_namespace.nspname != $7::VARCHAR
2025-05-29 01:03:06,120 - sqlalchemy.engine.Engine - INFO - [generated in 0.00089s] ('books', 'r', 'p', 'f', 'v', 'm', 'pg_catalog')
2025-05-29 01:03:06,123 - sqlalchemy.engine.Engine - INFO - 
DROP TABLE books
2025-05-29 01:03:06,124 - sqlalchemy.engine.Engine - INFO - [no key 0.00054s] ()
2025-05-29 01:03:06,128 - sqlalchemy.engine.Engine - INFO - SELECT pg_catalog.pg_class.relname 
FROM pg_catalog.pg_class JOIN pg_catalog.pg_namespace ON pg_catalog.pg_namespace.oid = pg_catalog.pg_class.relnamespace 
WHERE pg_catalog.pg_class.relname = $1::VARCHAR AND pg_catalog.pg_class.relkind = ANY (ARRAY[$2::VARCHAR, $3::VARCHAR, $4::VARCHAR, $5::VARCHAR, $6::VARCHAR]) AND pg_catalog.pg_table_is_visible(pg_catalog.pg_class.oid) AND pg_catalog.pg_namespace.nspname != $7::VARCHAR
2025-05-29 01:03:06,129 - sqlalchemy.engine.Engine - INFO - [cached since 0.01042s ago] ('books', 'r', 'p', 'f', 'v', 'm', 'pg_catalog')
2025-05-29 01:03:06,131 - sqlalchemy.engine.Engine - INFO - 
CREATE TABLE books (
	id SERIAL NOT NULL, 
	title VARCHAR NOT NULL, 
	author VARCHAR NOT NULL, 
	year INTEGER NOT NULL, 
	genre VARCHAR NOT NULL, 
	pages INTEGER NOT NULL, 
	availability VARCHAR(20) NOT NULL, 
	cover_url VARCHAR, 
	description VARCHAR, 
	PRIMARY KEY (id)
)


2025-05-29 01:03:06,133 - sqlalchemy.engine.Engine - INFO - [no key 0.00165s] ()
2025-05-29 01:03:06,153 - sqlalchemy.engine.Engine - INFO - CREATE INDEX ix_books_id ON books (id)
2025-05-29 01:03:06,154 - sqlalchemy.engine.Engine - INFO - [no key 0.00054s] ()
2025-05-29 01:03:06,163 - sqlalchemy.engine.Engine - INFO - COMMENT ON COLUMN books.title IS 'Наименование книги'
2025-05-29 01:03:06,164 - sqlalchemy.engine.Engine - INFO - [no key 0.00086s] ()
2025-05-29 01:03:06,165 - sqlalchemy.engine.Engine - INFO - COMMENT ON COLUMN books.author IS 'Имя автора'
2025-05-29 01:03:06,166 - sqlalchemy.engine.Engine - INFO - [no key 0.00048s] ()
2025-05-29 01:03:06,167 - sqlalchemy.engine.Engine - INFO - COMMENT ON COLUMN books.year IS 'Год издания книги'
2025-05-29 01:03:06,167 - sqlalchemy.engine.Engine - INFO - [no key 0.00045s] ()
2025-05-29 01:03:06,168 - sqlalchemy.engine.Engine - INFO - COMMENT ON COLUMN books.genre IS 'Жанр книги'
2025-05-29 01:03:06,169 - sqlalchemy.engine.Engine - INFO - [no key 0.00048s] ()
2025-05-29 01:03:06,170 - sqlalchemy.engine.Engine - INFO - COMMENT ON COLUMN books.pages IS 'Количество страниц книги'
2025-05-29 01:03:06,170 - sqlalchemy.engine.Engine - INFO - [no key 0.00043s] ()
2025-05-29 01:03:06,171 - sqlalchemy.engine.Engine - INFO - COMMENT ON COLUMN books.availability IS 'Статус доступности'
2025-05-29 01:03:06,171 - sqlalchemy.engine.Engine - INFO - [no key 0.00042s] ()
2025-05-29 01:03:06,172 - sqlalchemy.engine.Engine - INFO - COMMENT ON COLUMN books.cover_url IS 'Ссылка на обложку'
2025-05-29 01:03:06,173 - sqlalchemy.engine.Engine - INFO - [no key 0.00046s] ()
2025-05-29 01:03:06,174 - sqlalchemy.engine.Engine - INFO - COMMENT ON COLUMN books.description IS 'Описание книги'
2025-05-29 01:03:06,174 - sqlalchemy.engine.Engine - INFO - [no key 0.00042s] ()
2025-05-29 01:03:06,175 - sqlalchemy.engine.Engine - INFO - COMMIT
2025-05-29 01:05:07,823 - sqlalchemy.engine.Engine - INFO - select pg_catalog.version()
2025-05-29 01:05:07,823 - sqlalchemy.engine.Engine - INFO - [raw sql] ()
2025-05-29 01:05:07,825 - sqlalchemy.engine.Engine - INFO - select current_schema()
2025-05-29 01:05:07,826 - sqlalchemy.engine.Engine - INFO - [raw sql] ()
2025-05-29 01:05:07,828 - sqlalchemy.engine.Engine - INFO - show standard_conforming_strings
2025-05-29 01:05:07,828 - sqlalchemy.engine.Engine - INFO - [raw sql] ()
2025-05-29 01:05:07,830 - sqlalchemy.engine.Engine - INFO - BEGIN (implicit)
2025-05-29 01:05:07,834 - sqlalchemy.engine.Engine - INFO - SELECT pg_catalog.pg_class.relname 
FROM pg_catalog.pg_class JOIN pg_catalog.pg_namespace ON pg_catalog.pg_namespace.oid = pg_catalog.pg_class.relnamespace 
WHERE pg_catalog.pg_class.relname = $1::VARCHAR AND pg_catalog.pg_class.relkind = ANY (ARRAY[$2::VARCHAR, $3::VARCHAR, $4::VARCHAR, $5::VARCHAR, $6::VARCHAR]) AND pg_catalog.pg_table_is_visible(pg_catalog.pg_class.oid) AND pg_catalog.pg_namespace.nspname != $7::VARCHAR
2025-05-29 01:05:07,835 - sqlalchemy.engine.Engine - INFO - [generated in 0.00116s] ('books', 'r', 'p', 'f', 'v', 'm', 'pg_catalog')
2025-05-29 01:05:07,839 - sqlalchemy.engine.Engine - INFO - 
DROP TABLE books
2025-05-29 01:05:07,839 - sqlalchemy.engine.Engine - INFO - [no key 0.00053s] ()
2025-05-29 01:05:07,843 - sqlalchemy.engine.Engine - INFO - SELECT pg_catalog.pg_class.relname 
FROM pg_catalog.pg_class JOIN pg_catalog.pg_namespace ON pg_catalog.pg_namespace.oid = pg_catalog.pg_class.relnamespace 
WHERE pg_catalog.pg_class.relname = $1::VARCHAR AND pg_catalog.pg_class.relkind = ANY (ARRAY[$2::VARCHAR, $3::VARCHAR, $4::VARCHAR, $5::VARCHAR, $6::VARCHAR]) AND pg_catalog.pg_table_is_visible(pg_catalog.pg_class.oid) AND pg_catalog.pg_namespace.nspname != $7::VARCHAR
2025-05-29 01:05:07,844 - sqlalchemy.engine.Engine - INFO - [cached since 0.01033s ago] ('books', 'r', 'p', 'f', 'v', 'm', 'pg_catalog')
2025-05-29 01:05:07,846 - sqlalchemy.engine.Engine - INFO - 
CREATE TABLE books (
	id SERIAL NOT NULL, 
	title VARCHAR NOT NULL, 
	author VARCHAR NOT NULL, 
	year INTEGER NOT NULL, 
	genre VARCHAR NOT NULL, 
	pages INTEGER NOT NULL, 
	availability VARCHAR(20) NOT NULL, 
	cover_url VARCHAR, 
	description VARCHAR, 
	PRIMARY KEY (id)
)


2025-05-29 01:05:07,848 - sqlalchemy.engine.Engine - INFO - [no key 0.00165s] ()
2025-05-29 01:05:07,868 - sqlalchemy.engine.Engine - INFO - CREATE INDEX ix_books_id ON books (id)
2025-05-29 01:05:07,868 - sqlalchemy.engine.Engine - INFO - [no key 0.00054s] ()
2025-05-29 01:05:07,872 - sqlalchemy.engine.Engine - INFO - COMMENT ON COLUMN books.title IS 'Наименование книги'
2025-05-29 01:05:07,873 - sqlalchemy.engine.Engine - INFO - [no key 0.00053s] ()
2025-05-29 01:05:07,874 - sqlalchemy.engine.Engine - INFO - COMMENT ON COLUMN books.author IS 'Имя автора'
2025-05-29 01:05:07,875 - sqlalchemy.engine.Engine - INFO - [no key 0.00043s] ()
2025-05-29 01:05:07,876 - sqlalchemy.engine.Engine - INFO - COMMENT ON COLUMN books.year IS 'Год издания книги'
2025-05-29 01:05:07,876 - sqlalchemy.engine.Engine - INFO - [no key 0.00051s] ()
2025-05-29 01:05:07,877 - sqlalchemy.engine.Engine - INFO - COMMENT ON COLUMN books.genre IS 'Жанр книги'
2025-05-29 01:05:07,877 - sqlalchemy.engine.Engine - INFO - [no key 0.00040s] ()
2025-05-29 01:05:07,878 - sqlalchemy.engine.Engine - INFO - COMMENT ON COLUMN books.pages IS 'Количество страниц книги'
2025-05-29 01:05:07,879 - sqlalchemy.engine.Engine - INFO - [no key 0.00040s] ()
2025-05-29 01:05:07,880 - sqlalchemy.engine.Engine - INFO - COMMENT ON COLUMN books.availability IS 'Статус доступности'
2025-05-29 01:05:07,880 - sqlalchemy.engine.Engine - INFO - [no key 0.00040s] ()
2025-05-29 01:05:07,881 - sqlalchemy.engine.Engine - INFO - COMMENT ON COLUMN books.cover_url IS 'Ссылка на обложку'
2025-05-29 01:05:07,881 - sqlalchemy.engine.Engine - INFO - [no key 0.00046s] ()
2025-05-29 01:05:07,882 - sqlalchemy.engine.Engine - INFO - COMMENT ON COLUMN books.description IS 'Описание книги'
2025-05-29 01:05:07,883 - sqlalchemy.engine.Engine - INFO - [no key 0.00047s] ()
2025-05-29 01:05:07,884 - sqlalchemy.engine.Engine - INFO - COMMIT
2025-05-29 01:08:44,512 - sqlalchemy.engine.Engine - INFO - select pg_catalog.version()
2025-05-29 01:08:44,512 - sqlalchemy.engine.Engine - INFO - [raw sql] ()
2025-05-29 01:08:44,514 - sqlalchemy.engine.Engine - INFO - select current_schema()
2025-05-29 01:08:44,515 - sqlalchemy.engine.Engine - INFO - [raw sql] ()
2025-05-29 01:08:44,516 - sqlalchemy.engine.Engine - INFO - show standard_conforming_strings
2025-05-29 01:08:44,517 - sqlalchemy.engine.Engine - INFO - [raw sql] ()
2025-05-29 01:08:44,518 - sqlalchemy.engine.Engine - INFO - BEGIN (implicit)
2025-05-29 01:08:44,522 - sqlalchemy.engine.Engine - INFO - SELECT pg_catalog.pg_class.relname 
FROM pg_catalog.pg_class JOIN pg_catalog.pg_namespace ON pg_catalog.pg_namespace.oid = pg_catalog.pg_class.relnamespace 
WHERE pg_catalog.pg_class.relname = $1::VARCHAR AND pg_catalog.pg_class.relkind = ANY (ARRAY[$2::VARCHAR, $3::VARCHAR, $4::VARCHAR, $5::VARCHAR, $6::VARCHAR]) AND pg_catalog.pg_table_is_visible(pg_catalog.pg_class.oid) AND pg_catalog.pg_namespace.nspname != $7::VARCHAR
2025-05-29 01:08:44,523 - sqlalchemy.engine.Engine - INFO - [generated in 0.00114s] ('books', 'r', 'p', 'f', 'v', 'm', 'pg_catalog')
2025-05-29 01:08:44,527 - sqlalchemy.engine.Engine - INFO - 
DROP TABLE books
2025-05-29 01:08:44,528 - sqlalchemy.engine.Engine - INFO - [no key 0.00063s] ()
2025-05-29 01:08:44,532 - sqlalchemy.engine.Engine - INFO - SELECT pg_catalog.pg_class.relname 
FROM pg_catalog.pg_class JOIN pg_catalog.pg_namespace ON pg_catalog.pg_namespace.oid = pg_catalog.pg_class.relnamespace 
WHERE pg_catalog.pg_class.relname = $1::VARCHAR AND pg_catalog.pg_class.relkind = ANY (ARRAY[$2::VARCHAR, $3::VARCHAR, $4::VARCHAR, $5::VARCHAR, $6::VARCHAR]) AND pg_catalog.pg_table_is_visible(pg_catalog.pg_class.oid) AND pg_catalog.pg_namespace.nspname != $7::VARCHAR
2025-05-29 01:08:44,533 - sqlalchemy.engine.Engine - INFO - [cached since 0.01107s ago] ('books', 'r', 'p', 'f', 'v', 'm', 'pg_catalog')
2025-05-29 01:08:44,535 - sqlalchemy.engine.Engine - INFO - 
CREATE TABLE books (
	id SERIAL NOT NULL, 
	title VARCHAR NOT NULL, 
	author VARCHAR NOT NULL, 
	year INTEGER NOT NULL, 
	genre VARCHAR NOT NULL, 
	pages INTEGER NOT NULL, 
	availability VARCHAR(20) NOT NULL, 
	cover_url VARCHAR, 
	description VARCHAR, 
	PRIMARY KEY (id)
)


2025-05-29 01:08:44,537 - sqlalchemy.engine.Engine - INFO - [no key 0.00179s] ()
2025-05-29 01:08:44,547 - sqlalchemy.engine.Engine - INFO - CREATE INDEX ix_books_id ON books (id)
2025-05-29 01:08:44,548 - sqlalchemy.engine.Engine - INFO - [no key 0.00064s] ()
2025-05-29 01:08:44,552 - sqlalchemy.engine.Engine - INFO - COMMENT ON COLUMN books.title IS 'Наименование книги'
2025-05-29 01:08:44,553 - sqlalchemy.engine.Engine - INFO - [no key 0.00053s] ()
2025-05-29 01:08:44,554 - sqlalchemy.engine.Engine - INFO - COMMENT ON COLUMN books.author IS 'Имя автора'
2025-05-29 01:08:44,554 - sqlalchemy.engine.Engine - INFO - [no key 0.00041s] ()
2025-05-29 01:08:44,555 - sqlalchemy.engine.Engine - INFO - COMMENT ON COLUMN books.year IS 'Год издания книги'
2025-05-29 01:08:44,556 - sqlalchemy.engine.Engine - INFO - [no key 0.00040s] ()
2025-05-29 01:08:44,556 - sqlalchemy.engine.Engine - INFO - COMMENT ON COLUMN books.genre IS 'Жанр книги'
2025-05-29 01:08:44,557 - sqlalchemy.engine.Engine - INFO - [no key 0.00041s] ()
2025-05-29 01:08:44,558 - sqlalchemy.engine.Engine - INFO - COMMENT ON COLUMN books.pages IS 'Количество страниц книги'
2025-05-29 01:08:44,558 - sqlalchemy.engine.Engine - INFO - [no key 0.00046s] ()
2025-05-29 01:08:44,559 - sqlalchemy.engine.Engine - INFO - COMMENT ON COLUMN books.availability IS 'Статус доступности'
2025-05-29 01:08:44,560 - sqlalchemy.engine.Engine - INFO - [no key 0.00051s] ()
2025-05-29 01:08:44,561 - sqlalchemy.engine.Engine - INFO - COMMENT ON COLUMN books.cover_url IS 'Ссылка на обложку'
2025-05-29 01:08:44,561 - sqlalchemy.engine.Engine - INFO - [no key 0.00050s] ()
2025-05-29 01:08:44,563 - sqlalchemy.engine.Engine - INFO - COMMENT ON COLUMN books.description IS 'Описание книги'
2025-05-29 01:08:44,563 - sqlalchemy.engine.Engine - INFO - [no key 0.00051s] ()
2025-05-29 01:08:44,564 - sqlalchemy.engine.Engine - INFO - COMMIT
2025-05-29 01:10:26,570 - httpx - INFO - HTTP Request: GET https://api.jsonbin.io/v3/b/682bbc1f8561e97a5017996e "HTTP/1.1 200 OK"
2025-05-29 01:10:26,585 - book_catalog - INFO - Создания книги: 'harry potter' | Хранилище: postgres
2025-05-29 01:10:27,723 - httpx - INFO - HTTP Request: GET https://openlibrary.org/search.json?q=title%3Aharry+potter&limit=1 "HTTP/1.1 200 OK"
2025-05-29 01:10:28,768 - httpx - INFO - HTTP Request: GET https://openlibrary.org/works/OL82563W.json "HTTP/1.1 200 OK"
2025-05-29 01:10:28,794 - sqlalchemy.engine.Engine - INFO - BEGIN (implicit)
2025-05-29 01:10:28,801 - sqlalchemy.engine.Engine - INFO - INSERT INTO books (title, author, year, genre, pages, availability, cover_url, description) VALUES ($1::VARCHAR, $2::VARCHAR, $3::INTEGER, $4::VARCHAR, $5::INTEGER, $6::VARCHAR, $7::VARCHAR, $8::VARCHAR) RETURNING books.id
2025-05-29 01:10:28,803 - sqlalchemy.engine.Engine - INFO - [generated in 0.00257s] ('harry potter', 'J.K', 1997, 'Ph', 300, <AvailabilityStatus.AVAILABLE: 'available'>, 'https://covers.openlibrary.org/b/id/10521270-L.jpg', 'Harry Potter #1\r\n\r\nWhen mysterious letters start arriving on his doorstep, Harry Potter has never heard of Hogwarts School of Witchcraft and Wiza ... (255 characters truncated) ... st of the Harry Potter adventures is set to begin.\r\n([source][1])\r\n\r\n\r\n  [1]: https://www.jkrowling.com/book/harry-potter-philosophers-stone/')
2025-05-29 01:10:28,812 - sqlalchemy.engine.Engine - INFO - COMMIT
2025-05-29 01:10:28,815 - sqlalchemy.engine.Engine - INFO - BEGIN (implicit)
2025-05-29 01:10:28,819 - sqlalchemy.engine.Engine - INFO - SELECT books.id, books.title, books.author, books.year, books.genre, books.pages, books.availability, books.cover_url, books.description 
FROM books 
WHERE books.id = $1::INTEGER
2025-05-29 01:10:28,821 - sqlalchemy.engine.Engine - INFO - [generated in 0.00151s] (1,)
2025-05-29 01:10:28,827 - book_catalog - INFO - Книга создана: <models.books.BookModel object at 0x000001822EAE3590>
2025-05-29 01:10:28,828 - sqlalchemy.engine.Engine - INFO - ROLLBACK
2025-05-29 01:10:40,641 - httpx - INFO - HTTP Request: GET https://api.jsonbin.io/v3/b/682bbc1f8561e97a5017996e "HTTP/1.1 200 OK"
2025-05-29 01:10:41,449 - httpx - INFO - HTTP Request: PUT https://api.jsonbin.io/v3/b/682bbc1f8561e97a5017996e "HTTP/1.1 200 OK"
2025-05-29 01:10:46,109 - httpx - INFO - HTTP Request: GET https://api.jsonbin.io/v3/b/682bbc1f8561e97a5017996e "HTTP/1.1 200 OK"
2025-05-29 01:10:47,120 - httpx - INFO - HTTP Request: PUT https://api.jsonbin.io/v3/b/682bbc1f8561e97a5017996e "HTTP/1.1 200 OK"
2025-05-29 01:10:51,996 - httpx - INFO - HTTP Request: GET https://api.jsonbin.io/v3/b/682bbc1f8561e97a5017996e "HTTP/1.1 200 OK"
2025-05-29 01:10:52,967 - httpx - INFO - HTTP Request: PUT https://api.jsonbin.io/v3/b/682bbc1f8561e97a5017996e "HTTP/1.1 200 OK"
2025-05-29 01:10:57,104 - httpx - INFO - HTTP Request: GET https://api.jsonbin.io/v3/b/682bbc1f8561e97a5017996e "HTTP/1.1 200 OK"
2025-05-29 01:10:57,930 - httpx - INFO - HTTP Request: PUT https://api.jsonbin.io/v3/b/682bbc1f8561e97a5017996e "HTTP/1.1 200 OK"
2025-05-29 01:11:02,836 - httpx - INFO - HTTP Request: GET https://api.jsonbin.io/v3/b/682bbc1f8561e97a5017996e "HTTP/1.1 200 OK"
2025-05-29 01:11:03,888 - httpx - INFO - HTTP Request: PUT https://api.jsonbin.io/v3/b/682bbc1f8561e97a5017996e "HTTP/1.1 200 OK"
2025-05-29 01:11:08,573 - httpx - INFO - HTTP Request: GET https://api.jsonbin.io/v3/b/682bbc1f8561e97a5017996e "HTTP/1.1 200 OK"
2025-05-29 01:11:09,600 - httpx - INFO - HTTP Request: PUT https://api.jsonbin.io/v3/b/682bbc1f8561e97a5017996e "HTTP/1.1 200 OK"
2025-05-29 01:11:14,415 - httpx - INFO - HTTP Request: GET https://api.jsonbin.io/v3/b/682bbc1f8561e97a5017996e "HTTP/1.1 200 OK"
2025-05-29 01:11:15,256 - httpx - INFO - HTTP Request: PUT https://api.jsonbin.io/v3/b/682bbc1f8561e97a5017996e "HTTP/1.1 200 OK"
2025-05-29 01:11:21,568 - httpx - INFO - HTTP Request: GET https://api.jsonbin.io/v3/b/682bbc1f8561e97a5017996e "HTTP/1.1 200 OK"
2025-05-29 01:11:22,561 - httpx - INFO - HTTP Request: PUT https://api.jsonbin.io/v3/b/682bbc1f8561e97a5017996e "HTTP/1.1 200 OK"
2025-05-29 01:11:30,104 - httpx - INFO - HTTP Request: GET https://api.jsonbin.io/v3/b/682bbc1f8561e97a5017996e "HTTP/1.1 200 OK"
2025-05-29 01:11:30,110 - book_catalog - INFO - Создания книги: 'harry potter' | Хранилище: jsonbin
2025-05-29 01:11:30,865 - httpx - INFO - HTTP Request: GET https://api.jsonbin.io/v3/b/682bbc1f8561e97a5017996e "HTTP/1.1 200 OK"
2025-05-29 01:11:31,961 - httpx - INFO - HTTP Request: GET https://openlibrary.org/search.json?q=title%3Aharry+potter&limit=1 "HTTP/1.1 200 OK"
2025-05-29 01:11:32,997 - httpx - INFO - HTTP Request: GET https://openlibrary.org/works/OL82563W.json "HTTP/1.1 200 OK"
2025-05-29 01:11:33,825 - httpx - INFO - HTTP Request: GET https://api.jsonbin.io/v3/b/682bbc1f8561e97a5017996e "HTTP/1.1 200 OK"
2025-05-29 01:11:34,666 - httpx - INFO - HTTP Request: PUT https://api.jsonbin.io/v3/b/682bbc1f8561e97a5017996e "HTTP/1.1 200 OK"
2025-05-29 01:11:34,670 - book_catalog - INFO - Книга создана: {'id': 9, 'title': 'harry potter', 'author': 'J. K. Rowling', 'year': 1997, 'genre': 'Ph', 'pages': 300, 'availability': <AvailabilityStatus.AVAILABLE: 'available'>, 'cover_url': 'https://covers.openlibrary.org/b/id/10521270-L.jpg', 'description': 'Harry Potter #1\r\n\r\nWhen mysterious letters start arriving on his doorstep, Harry Potter has never heard of Hogwarts School of Witchcraft and Wizardry.\r\n\r\nThey are swiftly confiscated by his aunt and uncle.\r\n\r\nThen, on Harry’s eleventh birthday, a strange man bursts in with some important news: Harry Potter is a wizard and has been awarded a place to study at Hogwarts.\r\n\r\nAnd so the first of the Harry Potter adventures is set to begin.\r\n([source][1])\r\n\r\n\r\n  [1]: https://www.jkrowling.com/book/harry-potter-philosophers-stone/'}
2025-05-29 01:11:43,537 - book_catalog - INFO - Фильтрация title=None author=None genre=None limit=10 offset=0
2025-05-29 01:11:43,539 - sqlalchemy.engine.Engine - INFO - BEGIN (implicit)
2025-05-29 01:11:43,540 - sqlalchemy.engine.Engine - INFO - SELECT books.id, books.title, books.author, books.year, books.genre, books.pages, books.availability, books.cover_url, books.description 
FROM books 
 LIMIT $1::INTEGER
2025-05-29 01:11:43,541 - sqlalchemy.engine.Engine - INFO - [generated in 0.00105s] (10,)
2025-05-29 01:11:43,553 - book_catalog - INFO - Получаем отфильтрованный список книг[<models.books.BookModel object at 0x000001822EB03770>]
2025-05-29 01:11:43,554 - sqlalchemy.engine.Engine - INFO - ROLLBACK
2025-05-29 01:11:48,488 - book_catalog - INFO - Фильтрация title=None author=None genre=None limit=10 offset=0
2025-05-29 01:11:49,442 - httpx - INFO - HTTP Request: GET https://api.jsonbin.io/v3/b/682bbc1f8561e97a5017996e "HTTP/1.1 200 OK"
2025-05-29 01:11:49,445 - book_catalog - INFO - Получаем отфильтрованный список книг[{'id': 1, 'title': 'книга 1', 'author': 'Я', 'year': 2025, 'genre': 'python', 'pages': 300, 'availability': True}, {'id': 3, 'title': 'Книга проверка', 'author': 'ну я', 'genre': 'python', 'year': 2025, 'pages': 0, 'availability': 'available'}, {'id': 4, 'title': 'Толстый', 'author': 'Лев Толстой', 'genre': 'python', 'year': 1000, 'pages': 1000, 'availability': 'available'}, {'id': 5, 'title': 'проверка', 'author': 'проверка', 'genre': 'проверка'}, {'id': 6, 'title': 'проверка2', 'author': 'проверка2', 'genre': 'проверка'}, {'id': 7, 'title': 'string', 'author': 'string', 'genre': 'string'}, {'id': 8, 'title': 'Dune', 'author': 'Frank Herbert', 'year': 1965, 'genre': 'Science Fiction', 'pages': 412, 'cover_url': 'https://covers.openlibrary.org/b/id/11481354-L.jpg', 'description': 'Set on the desert planet Arrakis, Dune is the story of the boy Paul Atreides, heir to a noble family tasked with ruling an inhospitable world where the only thing of value is the "spice" melange, a drug capable of extending life and enhancing consciousness. Coveted across the known universe, melange is a prize worth killing for...\r\n\r\nWhen House Atreides is betrayed, the destruction of Paul\'s family will set the boy on a journey toward a destiny greater than he could ever have imagined. And as he evolves into the mysterious man known as Muad\'Dib, he will bring to fruition humankind\'s most ancient and unattainable dream.\r\n\r\nA stunning blend of adventure and mysticism, environmentalism and politics, Dune won the first Nebula Award, shared the Hugo Award, and formed the basis of what is undoubtedly the grandest epic in science fiction.'}, {'id': 9, 'title': 'harry potter', 'author': 'J. K. Rowling', 'year': 1997, 'genre': 'Ph', 'pages': 300, 'availability': 'available', 'cover_url': 'https://covers.openlibrary.org/b/id/10521270-L.jpg', 'description': 'Harry Potter #1\r\n\r\nWhen mysterious letters start arriving on his doorstep, Harry Potter has never heard of Hogwarts School of Witchcraft and Wizardry.\r\n\r\nThey are swiftly confiscated by his aunt and uncle.\r\n\r\nThen, on Harry’s eleventh birthday, a strange man bursts in with some important news: Harry Potter is a wizard and has been awarded a place to study at Hogwarts.\r\n\r\nAnd so the first of the Harry Potter adventures is set to begin.\r\n([source][1])\r\n\r\n\r\n  [1]: https://www.jkrowling.com/book/harry-potter-philosophers-stone/'}]
2025-05-29 01:11:49,450 - book_catalog - CRITICAL - Необработанная ошибка: 7 validation errors:
  {'type': 'enum', 'loc': ('response', 0, 'availability'), 'msg': "Input should be 'available' or 'borrowed'", 'input': True, 'ctx': {'expected': "'available' or 'borrowed'"}}
  {'type': 'missing', 'loc': ('response', 3, 'year'), 'msg': 'Field required', 'input': {'id': 5, 'title': 'проверка', 'author': 'проверка', 'genre': 'проверка'}}
  {'type': 'missing', 'loc': ('response', 3, 'pages'), 'msg': 'Field required', 'input': {'id': 5, 'title': 'проверка', 'author': 'проверка', 'genre': 'проверка'}}
  {'type': 'missing', 'loc': ('response', 4, 'year'), 'msg': 'Field required', 'input': {'id': 6, 'title': 'проверка2', 'author': 'проверка2', 'genre': 'проверка'}}
  {'type': 'missing', 'loc': ('response', 4, 'pages'), 'msg': 'Field required', 'input': {'id': 6, 'title': 'проверка2', 'author': 'проверка2', 'genre': 'проверка'}}
  {'type': 'missing', 'loc': ('response', 5, 'year'), 'msg': 'Field required', 'input': {'id': 7, 'title': 'string', 'author': 'string', 'genre': 'string'}}
  {'type': 'missing', 'loc': ('response', 5, 'pages'), 'msg': 'Field required', 'input': {'id': 7, 'title': 'string', 'author': 'string', 'genre': 'string'}}
Traceback (most recent call last):
  File "C:\Python\library_catalog_2\venv\Lib\site-packages\starlette\middleware\errors.py", line 165, in __call__
    await self.app(scope, receive, _send)
  File "C:\Python\library_catalog_2\venv\Lib\site-packages\starlette\middleware\exceptions.py", line 62, in __call__
    await wrap_app_handling_exceptions(self.app, conn)(scope, receive, send)
  File "C:\Python\library_catalog_2\venv\Lib\site-packages\starlette\_exception_handler.py", line 53, in wrapped_app
    raise exc
  File "C:\Python\library_catalog_2\venv\Lib\site-packages\starlette\_exception_handler.py", line 42, in wrapped_app
    await app(scope, receive, sender)
  File "C:\Python\library_catalog_2\venv\Lib\site-packages\starlette\routing.py", line 714, in __call__
    await self.middleware_stack(scope, receive, send)
  File "C:\Python\library_catalog_2\venv\Lib\site-packages\starlette\routing.py", line 734, in app
    await route.handle(scope, receive, send)
  File "C:\Python\library_catalog_2\venv\Lib\site-packages\starlette\routing.py", line 288, in handle
    await self.app(scope, receive, send)
  File "C:\Python\library_catalog_2\venv\Lib\site-packages\starlette\routing.py", line 76, in app
    await wrap_app_handling_exceptions(app, request)(scope, receive, send)
  File "C:\Python\library_catalog_2\venv\Lib\site-packages\starlette\_exception_handler.py", line 53, in wrapped_app
    raise exc
  File "C:\Python\library_catalog_2\venv\Lib\site-packages\starlette\_exception_handler.py", line 42, in wrapped_app
    await app(scope, receive, sender)
  File "C:\Python\library_catalog_2\venv\Lib\site-packages\starlette\routing.py", line 73, in app
    response = await f(request)
               ^^^^^^^^^^^^^^^^
  File "C:\Python\library_catalog_2\venv\Lib\site-packages\fastapi\routing.py", line 327, in app
    content = await serialize_response(
              ^^^^^^^^^^^^^^^^^^^^^^^^^
  File "C:\Python\library_catalog_2\venv\Lib\site-packages\fastapi\routing.py", line 176, in serialize_response
    raise ResponseValidationError(
fastapi.exceptions.ResponseValidationError: 7 validation errors:
  {'type': 'enum', 'loc': ('response', 0, 'availability'), 'msg': "Input should be 'available' or 'borrowed'", 'input': True, 'ctx': {'expected': "'available' or 'borrowed'"}}
  {'type': 'missing', 'loc': ('response', 3, 'year'), 'msg': 'Field required', 'input': {'id': 5, 'title': 'проверка', 'author': 'проверка', 'genre': 'проверка'}}
  {'type': 'missing', 'loc': ('response', 3, 'pages'), 'msg': 'Field required', 'input': {'id': 5, 'title': 'проверка', 'author': 'проверка', 'genre': 'проверка'}}
  {'type': 'missing', 'loc': ('response', 4, 'year'), 'msg': 'Field required', 'input': {'id': 6, 'title': 'проверка2', 'author': 'проверка2', 'genre': 'проверка'}}
  {'type': 'missing', 'loc': ('response', 4, 'pages'), 'msg': 'Field required', 'input': {'id': 6, 'title': 'проверка2', 'author': 'проверка2', 'genre': 'проверка'}}
  {'type': 'missing', 'loc': ('response', 5, 'year'), 'msg': 'Field required', 'input': {'id': 7, 'title': 'string', 'author': 'string', 'genre': 'string'}}
  {'type': 'missing', 'loc': ('response', 5, 'pages'), 'msg': 'Field required', 'input': {'id': 7, 'title': 'string', 'author': 'string', 'genre': 'string'}}

2025-05-29 01:12:03,220 - book_catalog - INFO - Фильтрация title='harry potter' author=None genre=None limit=10 offset=0
2025-05-29 01:12:04,032 - httpx - INFO - HTTP Request: GET https://api.jsonbin.io/v3/b/682bbc1f8561e97a5017996e "HTTP/1.1 200 OK"
2025-05-29 01:12:04,034 - book_catalog - INFO - Получаем отфильтрованный список книг[{'id': 9, 'title': 'harry potter', 'author': 'J. K. Rowling', 'year': 1997, 'genre': 'Ph', 'pages': 300, 'availability': 'available', 'cover_url': 'https://covers.openlibrary.org/b/id/10521270-L.jpg', 'description': 'Harry Potter #1\r\n\r\nWhen mysterious letters start arriving on his doorstep, Harry Potter has never heard of Hogwarts School of Witchcraft and Wizardry.\r\n\r\nThey are swiftly confiscated by his aunt and uncle.\r\n\r\nThen, on Harry’s eleventh birthday, a strange man bursts in with some important news: Harry Potter is a wizard and has been awarded a place to study at Hogwarts.\r\n\r\nAnd so the first of the Harry Potter adventures is set to begin.\r\n([source][1])\r\n\r\n\r\n  [1]: https://www.jkrowling.com/book/harry-potter-philosophers-stone/'}]
2025-05-29 01:12:21,695 - book_catalog - INFO - Поиск книги по ID: 9
2025-05-29 01:12:22,671 - httpx - INFO - HTTP Request: GET https://api.jsonbin.io/v3/b/682bbc1f8561e97a5017996e "HTTP/1.1 200 OK"
2025-05-29 01:12:22,673 - book_catalog - INFO - Получаем книгу по ID: {'id': 9, 'title': 'harry potter', 'author': 'J. K. Rowling', 'year': 1997, 'genre': 'Ph', 'pages': 300, 'availability': 'available', 'cover_url': 'https://covers.openlibrary.org/b/id/10521270-L.jpg', 'description': 'Harry Potter #1\r\n\r\nWhen mysterious letters start arriving on his doorstep, Harry Potter has never heard of Hogwarts School of Witchcraft and Wizardry.\r\n\r\nThey are swiftly confiscated by his aunt and uncle.\r\n\r\nThen, on Harry’s eleventh birthday, a strange man bursts in with some important news: Harry Potter is a wizard and has been awarded a place to study at Hogwarts.\r\n\r\nAnd so the first of the Harry Potter adventures is set to begin.\r\n([source][1])\r\n\r\n\r\n  [1]: https://www.jkrowling.com/book/harry-potter-philosophers-stone/'}
2025-05-29 01:16:28,547 - sqlalchemy.engine.Engine - INFO - select pg_catalog.version()
2025-05-29 01:16:28,547 - sqlalchemy.engine.Engine - INFO - [raw sql] ()
2025-05-29 01:16:28,549 - sqlalchemy.engine.Engine - INFO - select current_schema()
2025-05-29 01:16:28,550 - sqlalchemy.engine.Engine - INFO - [raw sql] ()
2025-05-29 01:16:28,551 - sqlalchemy.engine.Engine - INFO - show standard_conforming_strings
2025-05-29 01:16:28,552 - sqlalchemy.engine.Engine - INFO - [raw sql] ()
2025-05-29 01:16:28,553 - sqlalchemy.engine.Engine - INFO - BEGIN (implicit)
2025-05-29 01:16:28,557 - sqlalchemy.engine.Engine - INFO - SELECT pg_catalog.pg_class.relname 
FROM pg_catalog.pg_class JOIN pg_catalog.pg_namespace ON pg_catalog.pg_namespace.oid = pg_catalog.pg_class.relnamespace 
WHERE pg_catalog.pg_class.relname = $1::VARCHAR AND pg_catalog.pg_class.relkind = ANY (ARRAY[$2::VARCHAR, $3::VARCHAR, $4::VARCHAR, $5::VARCHAR, $6::VARCHAR]) AND pg_catalog.pg_table_is_visible(pg_catalog.pg_class.oid) AND pg_catalog.pg_namespace.nspname != $7::VARCHAR
2025-05-29 01:16:28,558 - sqlalchemy.engine.Engine - INFO - [generated in 0.00099s] ('books', 'r', 'p', 'f', 'v', 'm', 'pg_catalog')
2025-05-29 01:16:28,562 - sqlalchemy.engine.Engine - INFO - 
DROP TABLE books
2025-05-29 01:16:28,562 - sqlalchemy.engine.Engine - INFO - [no key 0.00057s] ()
2025-05-29 01:16:28,566 - sqlalchemy.engine.Engine - INFO - SELECT pg_catalog.pg_class.relname 
FROM pg_catalog.pg_class JOIN pg_catalog.pg_namespace ON pg_catalog.pg_namespace.oid = pg_catalog.pg_class.relnamespace 
WHERE pg_catalog.pg_class.relname = $1::VARCHAR AND pg_catalog.pg_class.relkind = ANY (ARRAY[$2::VARCHAR, $3::VARCHAR, $4::VARCHAR, $5::VARCHAR, $6::VARCHAR]) AND pg_catalog.pg_table_is_visible(pg_catalog.pg_class.oid) AND pg_catalog.pg_namespace.nspname != $7::VARCHAR
2025-05-29 01:16:28,567 - sqlalchemy.engine.Engine - INFO - [cached since 0.01009s ago] ('books', 'r', 'p', 'f', 'v', 'm', 'pg_catalog')
2025-05-29 01:16:28,569 - sqlalchemy.engine.Engine - INFO - 
CREATE TABLE books (
	id SERIAL NOT NULL, 
	title VARCHAR NOT NULL, 
	author VARCHAR NOT NULL, 
	year INTEGER NOT NULL, 
	genre VARCHAR NOT NULL, 
	pages INTEGER NOT NULL, 
	availability VARCHAR(20) NOT NULL, 
	cover_url VARCHAR, 
	description VARCHAR, 
	PRIMARY KEY (id)
)


2025-05-29 01:16:28,571 - sqlalchemy.engine.Engine - INFO - [no key 0.00162s] ()
2025-05-29 01:16:28,581 - sqlalchemy.engine.Engine - INFO - CREATE INDEX ix_books_id ON books (id)
2025-05-29 01:16:28,582 - sqlalchemy.engine.Engine - INFO - [no key 0.00049s] ()
2025-05-29 01:16:28,586 - sqlalchemy.engine.Engine - INFO - COMMENT ON COLUMN books.title IS 'Наименование книги'
2025-05-29 01:16:28,586 - sqlalchemy.engine.Engine - INFO - [no key 0.00047s] ()
2025-05-29 01:16:28,587 - sqlalchemy.engine.Engine - INFO - COMMENT ON COLUMN books.author IS 'Имя автора'
2025-05-29 01:16:28,588 - sqlalchemy.engine.Engine - INFO - [no key 0.00047s] ()
2025-05-29 01:16:28,589 - sqlalchemy.engine.Engine - INFO - COMMENT ON COLUMN books.year IS 'Год издания книги'
2025-05-29 01:16:28,589 - sqlalchemy.engine.Engine - INFO - [no key 0.00043s] ()
2025-05-29 01:16:28,590 - sqlalchemy.engine.Engine - INFO - COMMENT ON COLUMN books.genre IS 'Жанр книги'
2025-05-29 01:16:28,590 - sqlalchemy.engine.Engine - INFO - [no key 0.00041s] ()
2025-05-29 01:16:28,591 - sqlalchemy.engine.Engine - INFO - COMMENT ON COLUMN books.pages IS 'Количество страниц книги'
2025-05-29 01:16:28,592 - sqlalchemy.engine.Engine - INFO - [no key 0.00044s] ()
2025-05-29 01:16:28,593 - sqlalchemy.engine.Engine - INFO - COMMENT ON COLUMN books.availability IS 'Статус доступности'
2025-05-29 01:16:28,593 - sqlalchemy.engine.Engine - INFO - [no key 0.00043s] ()
2025-05-29 01:16:28,594 - sqlalchemy.engine.Engine - INFO - COMMENT ON COLUMN books.cover_url IS 'Ссылка на обложку'
2025-05-29 01:16:28,594 - sqlalchemy.engine.Engine - INFO - [no key 0.00042s] ()
2025-05-29 01:16:28,595 - sqlalchemy.engine.Engine - INFO - COMMENT ON COLUMN books.description IS 'Описание книги'
2025-05-29 01:16:28,596 - sqlalchemy.engine.Engine - INFO - [no key 0.00041s] ()
2025-05-29 01:16:28,597 - sqlalchemy.engine.Engine - INFO - COMMIT
2025-05-29 01:16:48,957 - httpx - INFO - HTTP Request: GET https://api.jsonbin.io/v3/b/682bbc1f8561e97a5017996e "HTTP/1.1 200 OK"
2025-05-29 01:16:48,968 - book_catalog - INFO - Создания книги: 'harry potter' | Хранилище: postgres
2025-05-29 01:16:50,057 - httpx - INFO - HTTP Request: GET https://openlibrary.org/search.json?q=title%3Aharry+potter&limit=1 "HTTP/1.1 200 OK"
2025-05-29 01:16:51,166 - httpx - INFO - HTTP Request: GET https://openlibrary.org/works/OL82563W.json "HTTP/1.1 200 OK"
2025-05-29 01:16:51,188 - sqlalchemy.engine.Engine - INFO - BEGIN (implicit)
2025-05-29 01:16:51,192 - sqlalchemy.engine.Engine - INFO - INSERT INTO books (title, author, year, genre, pages, availability, cover_url, description) VALUES ($1::VARCHAR, $2::VARCHAR, $3::INTEGER, $4::VARCHAR, $5::INTEGER, $6::VARCHAR, $7::VARCHAR, $8::VARCHAR) RETURNING books.id
2025-05-29 01:16:51,193 - sqlalchemy.engine.Engine - INFO - [generated in 0.00175s] ('harry potter', 'J.K', 1997, 'Ph', 300, <AvailabilityStatus.AVAILABLE: 'available'>, 'https://covers.openlibrary.org/b/id/10521270-L.jpg', 'Harry Potter #1\r\n\r\nWhen mysterious letters start arriving on his doorstep, Harry Potter has never heard of Hogwarts School of Witchcraft and Wiza ... (255 characters truncated) ... st of the Harry Potter adventures is set to begin.\r\n([source][1])\r\n\r\n\r\n  [1]: https://www.jkrowling.com/book/harry-potter-philosophers-stone/')
2025-05-29 01:16:51,202 - sqlalchemy.engine.Engine - INFO - COMMIT
2025-05-29 01:16:51,206 - sqlalchemy.engine.Engine - INFO - BEGIN (implicit)
2025-05-29 01:16:51,212 - sqlalchemy.engine.Engine - INFO - SELECT books.id, books.title, books.author, books.year, books.genre, books.pages, books.availability, books.cover_url, books.description 
FROM books 
WHERE books.id = $1::INTEGER
2025-05-29 01:16:51,213 - sqlalchemy.engine.Engine - INFO - [generated in 0.00153s] (1,)
2025-05-29 01:16:51,215 - book_catalog - INFO - Книга создана: <models.books.BookModel object at 0x000001C86BA1A390>
2025-05-29 01:16:51,217 - sqlalchemy.engine.Engine - INFO - ROLLBACK
2025-05-29 01:16:56,264 - httpx - INFO - HTTP Request: GET https://api.jsonbin.io/v3/b/682bbc1f8561e97a5017996e "HTTP/1.1 200 OK"
2025-05-29 01:16:56,266 - book_catalog - INFO - Создания книги: 'harry potter' | Хранилище: jsonbin
2025-05-29 01:16:57,228 - httpx - INFO - HTTP Request: GET https://api.jsonbin.io/v3/b/682bbc1f8561e97a5017996e "HTTP/1.1 200 OK"
2025-05-29 01:16:58,351 - httpx - INFO - HTTP Request: GET https://openlibrary.org/search.json?q=title%3Aharry+potter&limit=1 "HTTP/1.1 200 OK"
2025-05-29 01:16:59,412 - httpx - INFO - HTTP Request: GET https://openlibrary.org/works/OL82563W.json "HTTP/1.1 200 OK"
2025-05-29 01:17:00,366 - httpx - INFO - HTTP Request: GET https://api.jsonbin.io/v3/b/682bbc1f8561e97a5017996e "HTTP/1.1 200 OK"
2025-05-29 01:17:01,336 - httpx - INFO - HTTP Request: PUT https://api.jsonbin.io/v3/b/682bbc1f8561e97a5017996e "HTTP/1.1 200 OK"
2025-05-29 01:17:01,341 - book_catalog - INFO - Книга создана: {'id': 10, 'title': 'harry potter', 'author': 'J. K. Rowling', 'year': 1997, 'genre': 'Ph', 'pages': 300, 'availability': <AvailabilityStatus.AVAILABLE: 'available'>, 'cover_url': 'https://covers.openlibrary.org/b/id/10521270-L.jpg', 'description': 'Harry Potter #1\r\n\r\nWhen mysterious letters start arriving on his doorstep, Harry Potter has never heard of Hogwarts School of Witchcraft and Wizardry.\r\n\r\nThey are swiftly confiscated by his aunt and uncle.\r\n\r\nThen, on Harry’s eleventh birthday, a strange man bursts in with some important news: Harry Potter is a wizard and has been awarded a place to study at Hogwarts.\r\n\r\nAnd so the first of the Harry Potter adventures is set to begin.\r\n([source][1])\r\n\r\n\r\n  [1]: https://www.jkrowling.com/book/harry-potter-philosophers-stone/'}
2025-05-29 01:17:17,942 - book_catalog - INFO - Фильтрация title='harry potter' author=None genre=None limit=10 offset=0
2025-05-29 01:17:17,943 - sqlalchemy.engine.Engine - INFO - BEGIN (implicit)
2025-05-29 01:17:17,945 - sqlalchemy.engine.Engine - INFO - SELECT books.id, books.title, books.author, books.year, books.genre, books.pages, books.availability, books.cover_url, books.description 
FROM books 
WHERE books.title = $1::VARCHAR 
 LIMIT $2::INTEGER
2025-05-29 01:17:17,948 - sqlalchemy.engine.Engine - INFO - [generated in 0.00307s] ('harry potter', 10)
2025-05-29 01:17:17,959 - book_catalog - INFO - Получаем отфильтрованный список книг[<models.books.BookModel object at 0x000001C86BA93590>]
2025-05-29 01:17:17,960 - sqlalchemy.engine.Engine - INFO - ROLLBACK
2025-05-29 01:17:22,779 - book_catalog - INFO - Фильтрация title='harry potter' author=None genre=None limit=10 offset=0
2025-05-29 01:17:23,742 - httpx - INFO - HTTP Request: GET https://api.jsonbin.io/v3/b/682bbc1f8561e97a5017996e "HTTP/1.1 200 OK"
2025-05-29 01:17:23,747 - book_catalog - INFO - Получаем отфильтрованный список книг[{'id': 9, 'title': 'harry potter', 'author': 'J. K. Rowling', 'year': 1997, 'genre': 'Ph', 'pages': 300, 'availability': 'available', 'cover_url': 'https://covers.openlibrary.org/b/id/10521270-L.jpg', 'description': 'Harry Potter #1\r\n\r\nWhen mysterious letters start arriving on his doorstep, Harry Potter has never heard of Hogwarts School of Witchcraft and Wizardry.\r\n\r\nThey are swiftly confiscated by his aunt and uncle.\r\n\r\nThen, on Harry’s eleventh birthday, a strange man bursts in with some important news: Harry Potter is a wizard and has been awarded a place to study at Hogwarts.\r\n\r\nAnd so the first of the Harry Potter adventures is set to begin.\r\n([source][1])\r\n\r\n\r\n  [1]: https://www.jkrowling.com/book/harry-potter-philosophers-stone/'}, {'id': 10, 'title': 'harry potter', 'author': 'J. K. Rowling', 'year': 1997, 'genre': 'Ph', 'pages': 300, 'availability': 'available', 'cover_url': 'https://covers.openlibrary.org/b/id/10521270-L.jpg', 'description': 'Harry Potter #1\r\n\r\nWhen mysterious letters start arriving on his doorstep, Harry Potter has never heard of Hogwarts School of Witchcraft and Wizardry.\r\n\r\nThey are swiftly confiscated by his aunt and uncle.\r\n\r\nThen, on Harry’s eleventh birthday, a strange man bursts in with some important news: Harry Potter is a wizard and has been awarded a place to study at Hogwarts.\r\n\r\nAnd so the first of the Harry Potter adventures is set to begin.\r\n([source][1])\r\n\r\n\r\n  [1]: https://www.jkrowling.com/book/harry-potter-philosophers-stone/'}]
2025-05-29 01:17:36,181 - book_catalog - INFO - Поиск книги по ID: 10
2025-05-29 01:17:37,102 - httpx - INFO - HTTP Request: GET https://api.jsonbin.io/v3/b/682bbc1f8561e97a5017996e "HTTP/1.1 200 OK"
2025-05-29 01:17:37,105 - book_catalog - INFO - Получаем книгу по ID: {'id': 10, 'title': 'harry potter', 'author': 'J. K. Rowling', 'year': 1997, 'genre': 'Ph', 'pages': 300, 'availability': 'available', 'cover_url': 'https://covers.openlibrary.org/b/id/10521270-L.jpg', 'description': 'Harry Potter #1\r\n\r\nWhen mysterious letters start arriving on his doorstep, Harry Potter has never heard of Hogwarts School of Witchcraft and Wizardry.\r\n\r\nThey are swiftly confiscated by his aunt and uncle.\r\n\r\nThen, on Harry’s eleventh birthday, a strange man bursts in with some important news: Harry Potter is a wizard and has been awarded a place to study at Hogwarts.\r\n\r\nAnd so the first of the Harry Potter adventures is set to begin.\r\n([source][1])\r\n\r\n\r\n  [1]: https://www.jkrowling.com/book/harry-potter-philosophers-stone/'}
2025-05-29 20:52:48,413 - sqlalchemy.engine.Engine - INFO - select pg_catalog.version()
2025-05-29 20:52:48,413 - sqlalchemy.engine.Engine - INFO - [raw sql] ()
2025-05-29 20:52:48,418 - sqlalchemy.engine.Engine - INFO - select current_schema()
2025-05-29 20:52:48,419 - sqlalchemy.engine.Engine - INFO - [raw sql] ()
2025-05-29 20:52:48,422 - sqlalchemy.engine.Engine - INFO - show standard_conforming_strings
2025-05-29 20:52:48,422 - sqlalchemy.engine.Engine - INFO - [raw sql] ()
2025-05-29 20:52:48,424 - sqlalchemy.engine.Engine - INFO - BEGIN (implicit)
2025-05-29 20:52:48,429 - sqlalchemy.engine.Engine - INFO - SELECT pg_catalog.pg_class.relname 
FROM pg_catalog.pg_class JOIN pg_catalog.pg_namespace ON pg_catalog.pg_namespace.oid = pg_catalog.pg_class.relnamespace 
WHERE pg_catalog.pg_class.relname = $1::VARCHAR AND pg_catalog.pg_class.relkind = ANY (ARRAY[$2::VARCHAR, $3::VARCHAR, $4::VARCHAR, $5::VARCHAR, $6::VARCHAR]) AND pg_catalog.pg_table_is_visible(pg_catalog.pg_class.oid) AND pg_catalog.pg_namespace.nspname != $7::VARCHAR
2025-05-29 20:52:48,430 - sqlalchemy.engine.Engine - INFO - [generated in 0.00096s] ('books', 'r', 'p', 'f', 'v', 'm', 'pg_catalog')
2025-05-29 20:52:48,438 - sqlalchemy.engine.Engine - INFO - 
DROP TABLE books
2025-05-29 20:52:48,439 - sqlalchemy.engine.Engine - INFO - [no key 0.00063s] ()
2025-05-29 20:52:48,452 - sqlalchemy.engine.Engine - INFO - SELECT pg_catalog.pg_class.relname 
FROM pg_catalog.pg_class JOIN pg_catalog.pg_namespace ON pg_catalog.pg_namespace.oid = pg_catalog.pg_class.relnamespace 
WHERE pg_catalog.pg_class.relname = $1::VARCHAR AND pg_catalog.pg_class.relkind = ANY (ARRAY[$2::VARCHAR, $3::VARCHAR, $4::VARCHAR, $5::VARCHAR, $6::VARCHAR]) AND pg_catalog.pg_table_is_visible(pg_catalog.pg_class.oid) AND pg_catalog.pg_namespace.nspname != $7::VARCHAR
2025-05-29 20:52:48,452 - sqlalchemy.engine.Engine - INFO - [cached since 0.02378s ago] ('books', 'r', 'p', 'f', 'v', 'm', 'pg_catalog')
2025-05-29 20:52:48,455 - sqlalchemy.engine.Engine - INFO - 
CREATE TABLE books (
	id SERIAL NOT NULL, 
	title VARCHAR NOT NULL, 
	author VARCHAR NOT NULL, 
	year INTEGER NOT NULL, 
	genre VARCHAR NOT NULL, 
	pages INTEGER NOT NULL, 
	availability VARCHAR(20) NOT NULL, 
	cover_url VARCHAR, 
	description VARCHAR, 
	PRIMARY KEY (id)
)


2025-05-29 20:52:48,456 - sqlalchemy.engine.Engine - INFO - [no key 0.00175s] ()
2025-05-29 20:52:48,475 - sqlalchemy.engine.Engine - INFO - CREATE INDEX ix_books_id ON books (id)
2025-05-29 20:52:48,476 - sqlalchemy.engine.Engine - INFO - [no key 0.00052s] ()
2025-05-29 20:52:48,480 - sqlalchemy.engine.Engine - INFO - COMMENT ON COLUMN books.title IS 'Наименование книги'
2025-05-29 20:52:48,481 - sqlalchemy.engine.Engine - INFO - [no key 0.00061s] ()
2025-05-29 20:52:48,482 - sqlalchemy.engine.Engine - INFO - COMMENT ON COLUMN books.author IS 'Имя автора'
2025-05-29 20:52:48,484 - sqlalchemy.engine.Engine - INFO - [no key 0.00130s] ()
2025-05-29 20:52:48,485 - sqlalchemy.engine.Engine - INFO - COMMENT ON COLUMN books.year IS 'Год издания книги'
2025-05-29 20:52:48,486 - sqlalchemy.engine.Engine - INFO - [no key 0.00064s] ()
2025-05-29 20:52:48,487 - sqlalchemy.engine.Engine - INFO - COMMENT ON COLUMN books.genre IS 'Жанр книги'
2025-05-29 20:52:48,488 - sqlalchemy.engine.Engine - INFO - [no key 0.00048s] ()
2025-05-29 20:52:48,489 - sqlalchemy.engine.Engine - INFO - COMMENT ON COLUMN books.pages IS 'Количество страниц книги'
2025-05-29 20:52:48,489 - sqlalchemy.engine.Engine - INFO - [no key 0.00049s] ()
2025-05-29 20:52:48,490 - sqlalchemy.engine.Engine - INFO - COMMENT ON COLUMN books.availability IS 'Статус доступности'
2025-05-29 20:52:48,491 - sqlalchemy.engine.Engine - INFO - [no key 0.00053s] ()
2025-05-29 20:52:48,492 - sqlalchemy.engine.Engine - INFO - COMMENT ON COLUMN books.cover_url IS 'Ссылка на обложку'
2025-05-29 20:52:48,493 - sqlalchemy.engine.Engine - INFO - [no key 0.00051s] ()
2025-05-29 20:52:48,494 - sqlalchemy.engine.Engine - INFO - COMMENT ON COLUMN books.description IS 'Описание книги'
2025-05-29 20:52:48,494 - sqlalchemy.engine.Engine - INFO - [no key 0.00048s] ()
2025-05-29 20:52:48,495 - sqlalchemy.engine.Engine - INFO - COMMIT
2025-05-29 20:54:29,781 - sqlalchemy.engine.Engine - INFO - select pg_catalog.version()
2025-05-29 20:54:29,782 - sqlalchemy.engine.Engine - INFO - [raw sql] ()
2025-05-29 20:54:29,784 - sqlalchemy.engine.Engine - INFO - select current_schema()
2025-05-29 20:54:29,784 - sqlalchemy.engine.Engine - INFO - [raw sql] ()
2025-05-29 20:54:29,786 - sqlalchemy.engine.Engine - INFO - show standard_conforming_strings
2025-05-29 20:54:29,787 - sqlalchemy.engine.Engine - INFO - [raw sql] ()
2025-05-29 20:54:29,788 - sqlalchemy.engine.Engine - INFO - BEGIN (implicit)
2025-05-29 20:54:29,792 - sqlalchemy.engine.Engine - INFO - SELECT pg_catalog.pg_class.relname 
FROM pg_catalog.pg_class JOIN pg_catalog.pg_namespace ON pg_catalog.pg_namespace.oid = pg_catalog.pg_class.relnamespace 
WHERE pg_catalog.pg_class.relname = $1::VARCHAR AND pg_catalog.pg_class.relkind = ANY (ARRAY[$2::VARCHAR, $3::VARCHAR, $4::VARCHAR, $5::VARCHAR, $6::VARCHAR]) AND pg_catalog.pg_table_is_visible(pg_catalog.pg_class.oid) AND pg_catalog.pg_namespace.nspname != $7::VARCHAR
2025-05-29 20:54:29,793 - sqlalchemy.engine.Engine - INFO - [generated in 0.00108s] ('books', 'r', 'p', 'f', 'v', 'm', 'pg_catalog')
2025-05-29 20:54:29,800 - sqlalchemy.engine.Engine - INFO - 
DROP TABLE books
2025-05-29 20:54:29,801 - sqlalchemy.engine.Engine - INFO - [no key 0.00061s] ()
2025-05-29 20:54:29,808 - sqlalchemy.engine.Engine - INFO - SELECT pg_catalog.pg_class.relname 
FROM pg_catalog.pg_class JOIN pg_catalog.pg_namespace ON pg_catalog.pg_namespace.oid = pg_catalog.pg_class.relnamespace 
WHERE pg_catalog.pg_class.relname = $1::VARCHAR AND pg_catalog.pg_class.relkind = ANY (ARRAY[$2::VARCHAR, $3::VARCHAR, $4::VARCHAR, $5::VARCHAR, $6::VARCHAR]) AND pg_catalog.pg_table_is_visible(pg_catalog.pg_class.oid) AND pg_catalog.pg_namespace.nspname != $7::VARCHAR
2025-05-29 20:54:29,809 - sqlalchemy.engine.Engine - INFO - [cached since 0.01725s ago] ('books', 'r', 'p', 'f', 'v', 'm', 'pg_catalog')
2025-05-29 20:54:29,811 - sqlalchemy.engine.Engine - INFO - 
CREATE TABLE books (
	id SERIAL NOT NULL, 
	title VARCHAR NOT NULL, 
	author VARCHAR NOT NULL, 
	year INTEGER NOT NULL, 
	genre VARCHAR NOT NULL, 
	pages INTEGER NOT NULL, 
	availability VARCHAR(20) NOT NULL, 
	cover_url VARCHAR, 
	description VARCHAR, 
	PRIMARY KEY (id)
)


2025-05-29 20:54:29,813 - sqlalchemy.engine.Engine - INFO - [no key 0.00167s] ()
2025-05-29 20:54:29,830 - sqlalchemy.engine.Engine - INFO - CREATE INDEX ix_books_id ON books (id)
2025-05-29 20:54:29,831 - sqlalchemy.engine.Engine - INFO - [no key 0.00078s] ()
2025-05-29 20:54:29,835 - sqlalchemy.engine.Engine - INFO - COMMENT ON COLUMN books.title IS 'Наименование книги'
2025-05-29 20:54:29,836 - sqlalchemy.engine.Engine - INFO - [no key 0.00052s] ()
2025-05-29 20:54:29,838 - sqlalchemy.engine.Engine - INFO - COMMENT ON COLUMN books.author IS 'Имя автора'
2025-05-29 20:54:29,838 - sqlalchemy.engine.Engine - INFO - [no key 0.00059s] ()
2025-05-29 20:54:29,839 - sqlalchemy.engine.Engine - INFO - COMMENT ON COLUMN books.year IS 'Год издания книги'
2025-05-29 20:54:29,840 - sqlalchemy.engine.Engine - INFO - [no key 0.00051s] ()
2025-05-29 20:54:29,841 - sqlalchemy.engine.Engine - INFO - COMMENT ON COLUMN books.genre IS 'Жанр книги'
2025-05-29 20:54:29,842 - sqlalchemy.engine.Engine - INFO - [no key 0.00053s] ()
2025-05-29 20:54:29,843 - sqlalchemy.engine.Engine - INFO - COMMENT ON COLUMN books.pages IS 'Количество страниц книги'
2025-05-29 20:54:29,843 - sqlalchemy.engine.Engine - INFO - [no key 0.00043s] ()
2025-05-29 20:54:29,844 - sqlalchemy.engine.Engine - INFO - COMMENT ON COLUMN books.availability IS 'Статус доступности'
2025-05-29 20:54:29,845 - sqlalchemy.engine.Engine - INFO - [no key 0.00045s] ()
2025-05-29 20:54:29,846 - sqlalchemy.engine.Engine - INFO - COMMENT ON COLUMN books.cover_url IS 'Ссылка на обложку'
2025-05-29 20:54:29,846 - sqlalchemy.engine.Engine - INFO - [no key 0.00071s] ()
2025-05-29 20:54:29,848 - sqlalchemy.engine.Engine - INFO - COMMENT ON COLUMN books.description IS 'Описание книги'
2025-05-29 20:54:29,849 - sqlalchemy.engine.Engine - INFO - [no key 0.00070s] ()
2025-05-29 20:54:29,850 - sqlalchemy.engine.Engine - INFO - COMMIT
2025-05-29 20:54:53,412 - sqlalchemy.engine.Engine - INFO - select pg_catalog.version()
2025-05-29 20:54:53,412 - sqlalchemy.engine.Engine - INFO - [raw sql] ()
2025-05-29 20:54:53,415 - sqlalchemy.engine.Engine - INFO - select current_schema()
2025-05-29 20:54:53,415 - sqlalchemy.engine.Engine - INFO - [raw sql] ()
2025-05-29 20:54:53,417 - sqlalchemy.engine.Engine - INFO - show standard_conforming_strings
2025-05-29 20:54:53,418 - sqlalchemy.engine.Engine - INFO - [raw sql] ()
2025-05-29 20:54:53,420 - sqlalchemy.engine.Engine - INFO - BEGIN (implicit)
2025-05-29 20:54:53,425 - sqlalchemy.engine.Engine - INFO - SELECT pg_catalog.pg_class.relname 
FROM pg_catalog.pg_class JOIN pg_catalog.pg_namespace ON pg_catalog.pg_namespace.oid = pg_catalog.pg_class.relnamespace 
WHERE pg_catalog.pg_class.relname = $1::VARCHAR AND pg_catalog.pg_class.relkind = ANY (ARRAY[$2::VARCHAR, $3::VARCHAR, $4::VARCHAR, $5::VARCHAR, $6::VARCHAR]) AND pg_catalog.pg_table_is_visible(pg_catalog.pg_class.oid) AND pg_catalog.pg_namespace.nspname != $7::VARCHAR
2025-05-29 20:54:53,428 - sqlalchemy.engine.Engine - INFO - [generated in 0.00235s] ('books', 'r', 'p', 'f', 'v', 'm', 'pg_catalog')
2025-05-29 20:54:53,436 - sqlalchemy.engine.Engine - INFO - 
DROP TABLE books
2025-05-29 20:54:53,437 - sqlalchemy.engine.Engine - INFO - [no key 0.00076s] ()
2025-05-29 20:54:53,442 - sqlalchemy.engine.Engine - INFO - SELECT pg_catalog.pg_class.relname 
FROM pg_catalog.pg_class JOIN pg_catalog.pg_namespace ON pg_catalog.pg_namespace.oid = pg_catalog.pg_class.relnamespace 
WHERE pg_catalog.pg_class.relname = $1::VARCHAR AND pg_catalog.pg_class.relkind = ANY (ARRAY[$2::VARCHAR, $3::VARCHAR, $4::VARCHAR, $5::VARCHAR, $6::VARCHAR]) AND pg_catalog.pg_table_is_visible(pg_catalog.pg_class.oid) AND pg_catalog.pg_namespace.nspname != $7::VARCHAR
2025-05-29 20:54:53,443 - sqlalchemy.engine.Engine - INFO - [cached since 0.01762s ago] ('books', 'r', 'p', 'f', 'v', 'm', 'pg_catalog')
2025-05-29 20:54:53,445 - sqlalchemy.engine.Engine - INFO - 
CREATE TABLE books (
	id SERIAL NOT NULL, 
	title VARCHAR NOT NULL, 
	author VARCHAR NOT NULL, 
	year INTEGER NOT NULL, 
	genre VARCHAR NOT NULL, 
	pages INTEGER NOT NULL, 
	availability VARCHAR(20) NOT NULL, 
	cover_url VARCHAR, 
	description VARCHAR, 
	PRIMARY KEY (id)
)


2025-05-29 20:54:53,447 - sqlalchemy.engine.Engine - INFO - [no key 0.00173s] ()
2025-05-29 20:54:53,463 - sqlalchemy.engine.Engine - INFO - CREATE INDEX ix_books_id ON books (id)
2025-05-29 20:54:53,463 - sqlalchemy.engine.Engine - INFO - [no key 0.00049s] ()
2025-05-29 20:54:53,468 - sqlalchemy.engine.Engine - INFO - COMMENT ON COLUMN books.title IS 'Наименование книги'
2025-05-29 20:54:53,469 - sqlalchemy.engine.Engine - INFO - [no key 0.00058s] ()
2025-05-29 20:54:53,470 - sqlalchemy.engine.Engine - INFO - COMMENT ON COLUMN books.author IS 'Имя автора'
2025-05-29 20:54:53,471 - sqlalchemy.engine.Engine - INFO - [no key 0.00042s] ()
2025-05-29 20:54:53,472 - sqlalchemy.engine.Engine - INFO - COMMENT ON COLUMN books.year IS 'Год издания книги'
2025-05-29 20:54:53,472 - sqlalchemy.engine.Engine - INFO - [no key 0.00080s] ()
2025-05-29 20:54:53,474 - sqlalchemy.engine.Engine - INFO - COMMENT ON COLUMN books.genre IS 'Жанр книги'
2025-05-29 20:54:53,474 - sqlalchemy.engine.Engine - INFO - [no key 0.00046s] ()
2025-05-29 20:54:53,475 - sqlalchemy.engine.Engine - INFO - COMMENT ON COLUMN books.pages IS 'Количество страниц книги'
2025-05-29 20:54:53,475 - sqlalchemy.engine.Engine - INFO - [no key 0.00041s] ()
2025-05-29 20:54:53,476 - sqlalchemy.engine.Engine - INFO - COMMENT ON COLUMN books.availability IS 'Статус доступности'
2025-05-29 20:54:53,477 - sqlalchemy.engine.Engine - INFO - [no key 0.00048s] ()
2025-05-29 20:54:53,478 - sqlalchemy.engine.Engine - INFO - COMMENT ON COLUMN books.cover_url IS 'Ссылка на обложку'
2025-05-29 20:54:53,478 - sqlalchemy.engine.Engine - INFO - [no key 0.00046s] ()
2025-05-29 20:54:53,479 - sqlalchemy.engine.Engine - INFO - COMMENT ON COLUMN books.description IS 'Описание книги'
2025-05-29 20:54:53,483 - sqlalchemy.engine.Engine - INFO - [no key 0.00306s] ()
2025-05-29 20:54:53,485 - sqlalchemy.engine.Engine - INFO - COMMIT
2025-05-29 20:54:58,342 - sqlalchemy.engine.Engine - INFO - select pg_catalog.version()
2025-05-29 20:54:58,343 - sqlalchemy.engine.Engine - INFO - [raw sql] ()
2025-05-29 20:54:58,345 - sqlalchemy.engine.Engine - INFO - select current_schema()
2025-05-29 20:54:58,346 - sqlalchemy.engine.Engine - INFO - [raw sql] ()
2025-05-29 20:54:58,347 - sqlalchemy.engine.Engine - INFO - show standard_conforming_strings
2025-05-29 20:54:58,348 - sqlalchemy.engine.Engine - INFO - [raw sql] ()
2025-05-29 20:54:58,349 - sqlalchemy.engine.Engine - INFO - BEGIN (implicit)
2025-05-29 20:54:58,354 - sqlalchemy.engine.Engine - INFO - SELECT pg_catalog.pg_class.relname 
FROM pg_catalog.pg_class JOIN pg_catalog.pg_namespace ON pg_catalog.pg_namespace.oid = pg_catalog.pg_class.relnamespace 
WHERE pg_catalog.pg_class.relname = $1::VARCHAR AND pg_catalog.pg_class.relkind = ANY (ARRAY[$2::VARCHAR, $3::VARCHAR, $4::VARCHAR, $5::VARCHAR, $6::VARCHAR]) AND pg_catalog.pg_table_is_visible(pg_catalog.pg_class.oid) AND pg_catalog.pg_namespace.nspname != $7::VARCHAR
2025-05-29 20:54:58,354 - sqlalchemy.engine.Engine - INFO - [generated in 0.00098s] ('books', 'r', 'p', 'f', 'v', 'm', 'pg_catalog')
2025-05-29 20:54:58,369 - sqlalchemy.engine.Engine - INFO - 
DROP TABLE books
2025-05-29 20:54:58,369 - sqlalchemy.engine.Engine - INFO - [no key 0.00060s] ()
2025-05-29 20:54:58,374 - sqlalchemy.engine.Engine - INFO - SELECT pg_catalog.pg_class.relname 
FROM pg_catalog.pg_class JOIN pg_catalog.pg_namespace ON pg_catalog.pg_namespace.oid = pg_catalog.pg_class.relnamespace 
WHERE pg_catalog.pg_class.relname = $1::VARCHAR AND pg_catalog.pg_class.relkind = ANY (ARRAY[$2::VARCHAR, $3::VARCHAR, $4::VARCHAR, $5::VARCHAR, $6::VARCHAR]) AND pg_catalog.pg_table_is_visible(pg_catalog.pg_class.oid) AND pg_catalog.pg_namespace.nspname != $7::VARCHAR
2025-05-29 20:54:58,375 - sqlalchemy.engine.Engine - INFO - [cached since 0.0217s ago] ('books', 'r', 'p', 'f', 'v', 'm', 'pg_catalog')
2025-05-29 20:54:58,378 - sqlalchemy.engine.Engine - INFO - 
CREATE TABLE books (
	id SERIAL NOT NULL, 
	title VARCHAR NOT NULL, 
	author VARCHAR NOT NULL, 
	year INTEGER NOT NULL, 
	genre VARCHAR NOT NULL, 
	pages INTEGER NOT NULL, 
	availability VARCHAR(20) NOT NULL, 
	cover_url VARCHAR, 
	description VARCHAR, 
	PRIMARY KEY (id)
)


2025-05-29 20:54:58,379 - sqlalchemy.engine.Engine - INFO - [no key 0.00185s] ()
2025-05-29 20:54:58,401 - sqlalchemy.engine.Engine - INFO - CREATE INDEX ix_books_id ON books (id)
2025-05-29 20:54:58,402 - sqlalchemy.engine.Engine - INFO - [no key 0.00051s] ()
2025-05-29 20:54:58,406 - sqlalchemy.engine.Engine - INFO - COMMENT ON COLUMN books.title IS 'Наименование книги'
2025-05-29 20:54:58,407 - sqlalchemy.engine.Engine - INFO - [no key 0.00052s] ()
2025-05-29 20:54:58,408 - sqlalchemy.engine.Engine - INFO - COMMENT ON COLUMN books.author IS 'Имя автора'
2025-05-29 20:54:58,409 - sqlalchemy.engine.Engine - INFO - [no key 0.00050s] ()
2025-05-29 20:54:58,410 - sqlalchemy.engine.Engine - INFO - COMMENT ON COLUMN books.year IS 'Год издания книги'
2025-05-29 20:54:58,410 - sqlalchemy.engine.Engine - INFO - [no key 0.00044s] ()
2025-05-29 20:54:58,411 - sqlalchemy.engine.Engine - INFO - COMMENT ON COLUMN books.genre IS 'Жанр книги'
2025-05-29 20:54:58,412 - sqlalchemy.engine.Engine - INFO - [no key 0.00048s] ()
2025-05-29 20:54:58,413 - sqlalchemy.engine.Engine - INFO - COMMENT ON COLUMN books.pages IS 'Количество страниц книги'
2025-05-29 20:54:58,413 - sqlalchemy.engine.Engine - INFO - [no key 0.00046s] ()
2025-05-29 20:54:58,414 - sqlalchemy.engine.Engine - INFO - COMMENT ON COLUMN books.availability IS 'Статус доступности'
2025-05-29 20:54:58,415 - sqlalchemy.engine.Engine - INFO - [no key 0.00044s] ()
2025-05-29 20:54:58,417 - sqlalchemy.engine.Engine - INFO - COMMENT ON COLUMN books.cover_url IS 'Ссылка на обложку'
2025-05-29 20:54:58,417 - sqlalchemy.engine.Engine - INFO - [no key 0.00053s] ()
2025-05-29 20:54:58,418 - sqlalchemy.engine.Engine - INFO - COMMENT ON COLUMN books.description IS 'Описание книги'
2025-05-29 20:54:58,419 - sqlalchemy.engine.Engine - INFO - [no key 0.00042s] ()
2025-05-29 20:54:58,420 - sqlalchemy.engine.Engine - INFO - COMMIT
2025-05-29 20:55:26,887 - sqlalchemy.engine.Engine - INFO - select pg_catalog.version()
2025-05-29 20:55:26,888 - sqlalchemy.engine.Engine - INFO - [raw sql] ()
2025-05-29 20:55:26,890 - sqlalchemy.engine.Engine - INFO - select current_schema()
2025-05-29 20:55:26,890 - sqlalchemy.engine.Engine - INFO - [raw sql] ()
2025-05-29 20:55:26,892 - sqlalchemy.engine.Engine - INFO - show standard_conforming_strings
2025-05-29 20:55:26,892 - sqlalchemy.engine.Engine - INFO - [raw sql] ()
2025-05-29 20:55:26,894 - sqlalchemy.engine.Engine - INFO - BEGIN (implicit)
2025-05-29 20:55:26,899 - sqlalchemy.engine.Engine - INFO - SELECT pg_catalog.pg_class.relname 
FROM pg_catalog.pg_class JOIN pg_catalog.pg_namespace ON pg_catalog.pg_namespace.oid = pg_catalog.pg_class.relnamespace 
WHERE pg_catalog.pg_class.relname = $1::VARCHAR AND pg_catalog.pg_class.relkind = ANY (ARRAY[$2::VARCHAR, $3::VARCHAR, $4::VARCHAR, $5::VARCHAR, $6::VARCHAR]) AND pg_catalog.pg_table_is_visible(pg_catalog.pg_class.oid) AND pg_catalog.pg_namespace.nspname != $7::VARCHAR
2025-05-29 20:55:26,899 - sqlalchemy.engine.Engine - INFO - [generated in 0.00102s] ('books', 'r', 'p', 'f', 'v', 'm', 'pg_catalog')
2025-05-29 20:55:26,903 - sqlalchemy.engine.Engine - INFO - 
DROP TABLE books
2025-05-29 20:55:26,904 - sqlalchemy.engine.Engine - INFO - [no key 0.00060s] ()
2025-05-29 20:55:26,909 - sqlalchemy.engine.Engine - INFO - SELECT pg_catalog.pg_class.relname 
FROM pg_catalog.pg_class JOIN pg_catalog.pg_namespace ON pg_catalog.pg_namespace.oid = pg_catalog.pg_class.relnamespace 
WHERE pg_catalog.pg_class.relname = $1::VARCHAR AND pg_catalog.pg_class.relkind = ANY (ARRAY[$2::VARCHAR, $3::VARCHAR, $4::VARCHAR, $5::VARCHAR, $6::VARCHAR]) AND pg_catalog.pg_table_is_visible(pg_catalog.pg_class.oid) AND pg_catalog.pg_namespace.nspname != $7::VARCHAR
2025-05-29 20:55:26,910 - sqlalchemy.engine.Engine - INFO - [cached since 0.01141s ago] ('books', 'r', 'p', 'f', 'v', 'm', 'pg_catalog')
2025-05-29 20:55:26,913 - sqlalchemy.engine.Engine - INFO - 
CREATE TABLE books (
	id SERIAL NOT NULL, 
	title VARCHAR NOT NULL, 
	author VARCHAR NOT NULL, 
	year INTEGER NOT NULL, 
	genre VARCHAR NOT NULL, 
	pages INTEGER NOT NULL, 
	availability VARCHAR(20) NOT NULL, 
	cover_url VARCHAR, 
	description VARCHAR, 
	PRIMARY KEY (id)
)


2025-05-29 20:55:26,916 - sqlalchemy.engine.Engine - INFO - [no key 0.00298s] ()
2025-05-29 20:55:26,928 - sqlalchemy.engine.Engine - INFO - CREATE INDEX ix_books_id ON books (id)
2025-05-29 20:55:26,929 - sqlalchemy.engine.Engine - INFO - [no key 0.00062s] ()
2025-05-29 20:55:26,933 - sqlalchemy.engine.Engine - INFO - COMMENT ON COLUMN books.title IS 'Наименование книги'
2025-05-29 20:55:26,934 - sqlalchemy.engine.Engine - INFO - [no key 0.00052s] ()
2025-05-29 20:55:26,935 - sqlalchemy.engine.Engine - INFO - COMMENT ON COLUMN books.author IS 'Имя автора'
2025-05-29 20:55:26,936 - sqlalchemy.engine.Engine - INFO - [no key 0.00051s] ()
2025-05-29 20:55:26,937 - sqlalchemy.engine.Engine - INFO - COMMENT ON COLUMN books.year IS 'Год издания книги'
2025-05-29 20:55:26,937 - sqlalchemy.engine.Engine - INFO - [no key 0.00044s] ()
2025-05-29 20:55:26,938 - sqlalchemy.engine.Engine - INFO - COMMENT ON COLUMN books.genre IS 'Жанр книги'
2025-05-29 20:55:26,938 - sqlalchemy.engine.Engine - INFO - [no key 0.00038s] ()
2025-05-29 20:55:26,940 - sqlalchemy.engine.Engine - INFO - COMMENT ON COLUMN books.pages IS 'Количество страниц книги'
2025-05-29 20:55:26,941 - sqlalchemy.engine.Engine - INFO - [no key 0.00050s] ()
2025-05-29 20:55:26,942 - sqlalchemy.engine.Engine - INFO - COMMENT ON COLUMN books.availability IS 'Статус доступности'
2025-05-29 20:55:26,942 - sqlalchemy.engine.Engine - INFO - [no key 0.00042s] ()
2025-05-29 20:55:26,943 - sqlalchemy.engine.Engine - INFO - COMMENT ON COLUMN books.cover_url IS 'Ссылка на обложку'
2025-05-29 20:55:26,943 - sqlalchemy.engine.Engine - INFO - [no key 0.00039s] ()
2025-05-29 20:55:26,944 - sqlalchemy.engine.Engine - INFO - COMMENT ON COLUMN books.description IS 'Описание книги'
2025-05-29 20:55:26,944 - sqlalchemy.engine.Engine - INFO - [no key 0.00039s] ()
2025-05-29 20:55:26,945 - sqlalchemy.engine.Engine - INFO - COMMIT
2025-05-29 21:01:25,844 - sqlalchemy.engine.Engine - INFO - select pg_catalog.version()
2025-05-29 21:01:25,844 - sqlalchemy.engine.Engine - INFO - [raw sql] ()
2025-05-29 21:01:25,847 - sqlalchemy.engine.Engine - INFO - select current_schema()
2025-05-29 21:01:25,847 - sqlalchemy.engine.Engine - INFO - [raw sql] ()
2025-05-29 21:01:25,849 - sqlalchemy.engine.Engine - INFO - show standard_conforming_strings
2025-05-29 21:01:25,850 - sqlalchemy.engine.Engine - INFO - [raw sql] ()
2025-05-29 21:01:25,851 - sqlalchemy.engine.Engine - INFO - BEGIN (implicit)
2025-05-29 21:01:25,856 - sqlalchemy.engine.Engine - INFO - SELECT pg_catalog.pg_class.relname 
FROM pg_catalog.pg_class JOIN pg_catalog.pg_namespace ON pg_catalog.pg_namespace.oid = pg_catalog.pg_class.relnamespace 
WHERE pg_catalog.pg_class.relname = $1::VARCHAR AND pg_catalog.pg_class.relkind = ANY (ARRAY[$2::VARCHAR, $3::VARCHAR, $4::VARCHAR, $5::VARCHAR, $6::VARCHAR]) AND pg_catalog.pg_table_is_visible(pg_catalog.pg_class.oid) AND pg_catalog.pg_namespace.nspname != $7::VARCHAR
2025-05-29 21:01:25,859 - sqlalchemy.engine.Engine - INFO - [generated in 0.00345s] ('books', 'r', 'p', 'f', 'v', 'm', 'pg_catalog')
2025-05-29 21:01:25,863 - sqlalchemy.engine.Engine - INFO - 
DROP TABLE books
2025-05-29 21:01:25,863 - sqlalchemy.engine.Engine - INFO - [no key 0.00059s] ()
2025-05-29 21:01:25,869 - sqlalchemy.engine.Engine - INFO - SELECT pg_catalog.pg_class.relname 
FROM pg_catalog.pg_class JOIN pg_catalog.pg_namespace ON pg_catalog.pg_namespace.oid = pg_catalog.pg_class.relnamespace 
WHERE pg_catalog.pg_class.relname = $1::VARCHAR AND pg_catalog.pg_class.relkind = ANY (ARRAY[$2::VARCHAR, $3::VARCHAR, $4::VARCHAR, $5::VARCHAR, $6::VARCHAR]) AND pg_catalog.pg_table_is_visible(pg_catalog.pg_class.oid) AND pg_catalog.pg_namespace.nspname != $7::VARCHAR
2025-05-29 21:01:25,869 - sqlalchemy.engine.Engine - INFO - [cached since 0.01393s ago] ('books', 'r', 'p', 'f', 'v', 'm', 'pg_catalog')
2025-05-29 21:01:25,871 - sqlalchemy.engine.Engine - INFO - 
CREATE TABLE books (
	id SERIAL NOT NULL, 
	title VARCHAR NOT NULL, 
	author VARCHAR NOT NULL, 
	year INTEGER NOT NULL, 
	genre VARCHAR NOT NULL, 
	pages INTEGER NOT NULL, 
	availability VARCHAR(20) NOT NULL, 
	cover_url VARCHAR, 
	description VARCHAR, 
	PRIMARY KEY (id)
)


2025-05-29 21:01:25,876 - sqlalchemy.engine.Engine - INFO - [no key 0.00410s] ()
2025-05-29 21:01:25,886 - sqlalchemy.engine.Engine - INFO - CREATE INDEX ix_books_id ON books (id)
2025-05-29 21:01:25,887 - sqlalchemy.engine.Engine - INFO - [no key 0.00049s] ()
2025-05-29 21:01:25,892 - sqlalchemy.engine.Engine - INFO - COMMENT ON COLUMN books.title IS 'Наименование книги'
2025-05-29 21:01:25,893 - sqlalchemy.engine.Engine - INFO - [no key 0.00138s] ()
2025-05-29 21:01:25,895 - sqlalchemy.engine.Engine - INFO - COMMENT ON COLUMN books.author IS 'Имя автора'
2025-05-29 21:01:25,896 - sqlalchemy.engine.Engine - INFO - [no key 0.00073s] ()
2025-05-29 21:01:25,898 - sqlalchemy.engine.Engine - INFO - COMMENT ON COLUMN books.year IS 'Год издания книги'
2025-05-29 21:01:25,898 - sqlalchemy.engine.Engine - INFO - [no key 0.00053s] ()
2025-05-29 21:01:25,900 - sqlalchemy.engine.Engine - INFO - COMMENT ON COLUMN books.genre IS 'Жанр книги'
2025-05-29 21:01:25,900 - sqlalchemy.engine.Engine - INFO - [no key 0.00074s] ()
2025-05-29 21:01:25,901 - sqlalchemy.engine.Engine - INFO - COMMENT ON COLUMN books.pages IS 'Количество страниц книги'
2025-05-29 21:01:25,902 - sqlalchemy.engine.Engine - INFO - [no key 0.00086s] ()
2025-05-29 21:01:25,903 - sqlalchemy.engine.Engine - INFO - COMMENT ON COLUMN books.availability IS 'Статус доступности'
2025-05-29 21:01:25,905 - sqlalchemy.engine.Engine - INFO - [no key 0.00157s] ()
2025-05-29 21:01:25,906 - sqlalchemy.engine.Engine - INFO - COMMENT ON COLUMN books.cover_url IS 'Ссылка на обложку'
2025-05-29 21:01:25,907 - sqlalchemy.engine.Engine - INFO - [no key 0.00047s] ()
2025-05-29 21:01:25,912 - sqlalchemy.engine.Engine - INFO - COMMENT ON COLUMN books.description IS 'Описание книги'
2025-05-29 21:01:25,914 - sqlalchemy.engine.Engine - INFO - [no key 0.00193s] ()
2025-05-29 21:01:25,915 - sqlalchemy.engine.Engine - INFO - COMMIT
2025-05-29 21:06:46,628 - sqlalchemy.engine.Engine - INFO - select pg_catalog.version()
2025-05-29 21:06:46,628 - sqlalchemy.engine.Engine - INFO - [raw sql] ()
2025-05-29 21:06:46,631 - sqlalchemy.engine.Engine - INFO - select current_schema()
2025-05-29 21:06:46,631 - sqlalchemy.engine.Engine - INFO - [raw sql] ()
2025-05-29 21:06:46,633 - sqlalchemy.engine.Engine - INFO - show standard_conforming_strings
2025-05-29 21:06:46,634 - sqlalchemy.engine.Engine - INFO - [raw sql] ()
2025-05-29 21:06:46,635 - sqlalchemy.engine.Engine - INFO - BEGIN (implicit)
2025-05-29 21:06:46,639 - sqlalchemy.engine.Engine - INFO - SELECT pg_catalog.pg_class.relname 
FROM pg_catalog.pg_class JOIN pg_catalog.pg_namespace ON pg_catalog.pg_namespace.oid = pg_catalog.pg_class.relnamespace 
WHERE pg_catalog.pg_class.relname = $1::VARCHAR AND pg_catalog.pg_class.relkind = ANY (ARRAY[$2::VARCHAR, $3::VARCHAR, $4::VARCHAR, $5::VARCHAR, $6::VARCHAR]) AND pg_catalog.pg_table_is_visible(pg_catalog.pg_class.oid) AND pg_catalog.pg_namespace.nspname != $7::VARCHAR
2025-05-29 21:06:46,640 - sqlalchemy.engine.Engine - INFO - [generated in 0.00095s] ('books', 'r', 'p', 'f', 'v', 'm', 'pg_catalog')
2025-05-29 21:06:46,644 - sqlalchemy.engine.Engine - INFO - 
DROP TABLE books
2025-05-29 21:06:46,645 - sqlalchemy.engine.Engine - INFO - [no key 0.00063s] ()
2025-05-29 21:06:46,650 - sqlalchemy.engine.Engine - INFO - SELECT pg_catalog.pg_class.relname 
FROM pg_catalog.pg_class JOIN pg_catalog.pg_namespace ON pg_catalog.pg_namespace.oid = pg_catalog.pg_class.relnamespace 
WHERE pg_catalog.pg_class.relname = $1::VARCHAR AND pg_catalog.pg_class.relkind = ANY (ARRAY[$2::VARCHAR, $3::VARCHAR, $4::VARCHAR, $5::VARCHAR, $6::VARCHAR]) AND pg_catalog.pg_table_is_visible(pg_catalog.pg_class.oid) AND pg_catalog.pg_namespace.nspname != $7::VARCHAR
2025-05-29 21:06:46,651 - sqlalchemy.engine.Engine - INFO - [cached since 0.01181s ago] ('books', 'r', 'p', 'f', 'v', 'm', 'pg_catalog')
2025-05-29 21:06:46,653 - sqlalchemy.engine.Engine - INFO - 
CREATE TABLE books (
	id SERIAL NOT NULL, 
	title VARCHAR NOT NULL, 
	author VARCHAR NOT NULL, 
	year INTEGER NOT NULL, 
	genre VARCHAR NOT NULL, 
	pages INTEGER NOT NULL, 
	availability VARCHAR(20) NOT NULL, 
	cover_url VARCHAR, 
	description VARCHAR, 
	PRIMARY KEY (id)
)


2025-05-29 21:06:46,655 - sqlalchemy.engine.Engine - INFO - [no key 0.00223s] ()
2025-05-29 21:06:46,666 - sqlalchemy.engine.Engine - INFO - CREATE INDEX ix_books_id ON books (id)
2025-05-29 21:06:46,666 - sqlalchemy.engine.Engine - INFO - [no key 0.00054s] ()
2025-05-29 21:06:46,670 - sqlalchemy.engine.Engine - INFO - COMMENT ON COLUMN books.title IS 'Наименование книги'
2025-05-29 21:06:46,671 - sqlalchemy.engine.Engine - INFO - [no key 0.00057s] ()
2025-05-29 21:06:46,672 - sqlalchemy.engine.Engine - INFO - COMMENT ON COLUMN books.author IS 'Имя автора'
2025-05-29 21:06:46,673 - sqlalchemy.engine.Engine - INFO - [no key 0.00047s] ()
2025-05-29 21:06:46,674 - sqlalchemy.engine.Engine - INFO - COMMENT ON COLUMN books.year IS 'Год издания книги'
2025-05-29 21:06:46,674 - sqlalchemy.engine.Engine - INFO - [no key 0.00043s] ()
2025-05-29 21:06:46,675 - sqlalchemy.engine.Engine - INFO - COMMENT ON COLUMN books.genre IS 'Жанр книги'
2025-05-29 21:06:46,676 - sqlalchemy.engine.Engine - INFO - [no key 0.00042s] ()
2025-05-29 21:06:46,676 - sqlalchemy.engine.Engine - INFO - COMMENT ON COLUMN books.pages IS 'Количество страниц книги'
2025-05-29 21:06:46,677 - sqlalchemy.engine.Engine - INFO - [no key 0.00045s] ()
2025-05-29 21:06:46,678 - sqlalchemy.engine.Engine - INFO - COMMENT ON COLUMN books.availability IS 'Статус доступности'
2025-05-29 21:06:46,679 - sqlalchemy.engine.Engine - INFO - [no key 0.00046s] ()
2025-05-29 21:06:46,680 - sqlalchemy.engine.Engine - INFO - COMMENT ON COLUMN books.cover_url IS 'Ссылка на обложку'
2025-05-29 21:06:46,681 - sqlalchemy.engine.Engine - INFO - [no key 0.00050s] ()
2025-05-29 21:06:46,682 - sqlalchemy.engine.Engine - INFO - COMMENT ON COLUMN books.description IS 'Описание книги'
2025-05-29 21:06:46,683 - sqlalchemy.engine.Engine - INFO - [no key 0.00058s] ()
2025-05-29 21:06:46,684 - sqlalchemy.engine.Engine - INFO - COMMIT
2025-05-29 21:07:39,204 - sqlalchemy.engine.Engine - INFO - select pg_catalog.version()
2025-05-29 21:07:39,206 - sqlalchemy.engine.Engine - INFO - [raw sql] ()
2025-05-29 21:07:39,209 - sqlalchemy.engine.Engine - INFO - select current_schema()
2025-05-29 21:07:39,210 - sqlalchemy.engine.Engine - INFO - [raw sql] ()
2025-05-29 21:07:39,212 - sqlalchemy.engine.Engine - INFO - show standard_conforming_strings
2025-05-29 21:07:39,212 - sqlalchemy.engine.Engine - INFO - [raw sql] ()
2025-05-29 21:07:39,214 - sqlalchemy.engine.Engine - INFO - BEGIN (implicit)
2025-05-29 21:07:39,220 - sqlalchemy.engine.Engine - INFO - SELECT pg_catalog.pg_class.relname 
FROM pg_catalog.pg_class JOIN pg_catalog.pg_namespace ON pg_catalog.pg_namespace.oid = pg_catalog.pg_class.relnamespace 
WHERE pg_catalog.pg_class.relname = $1::VARCHAR AND pg_catalog.pg_class.relkind = ANY (ARRAY[$2::VARCHAR, $3::VARCHAR, $4::VARCHAR, $5::VARCHAR, $6::VARCHAR]) AND pg_catalog.pg_table_is_visible(pg_catalog.pg_class.oid) AND pg_catalog.pg_namespace.nspname != $7::VARCHAR
2025-05-29 21:07:39,220 - sqlalchemy.engine.Engine - INFO - [generated in 0.00099s] ('books', 'r', 'p', 'f', 'v', 'm', 'pg_catalog')
2025-05-29 21:07:39,224 - sqlalchemy.engine.Engine - INFO - 
DROP TABLE books
2025-05-29 21:07:39,226 - sqlalchemy.engine.Engine - INFO - [no key 0.00126s] ()
2025-05-29 21:07:39,230 - sqlalchemy.engine.Engine - INFO - SELECT pg_catalog.pg_class.relname 
FROM pg_catalog.pg_class JOIN pg_catalog.pg_namespace ON pg_catalog.pg_namespace.oid = pg_catalog.pg_class.relnamespace 
WHERE pg_catalog.pg_class.relname = $1::VARCHAR AND pg_catalog.pg_class.relkind = ANY (ARRAY[$2::VARCHAR, $3::VARCHAR, $4::VARCHAR, $5::VARCHAR, $6::VARCHAR]) AND pg_catalog.pg_table_is_visible(pg_catalog.pg_class.oid) AND pg_catalog.pg_namespace.nspname != $7::VARCHAR
2025-05-29 21:07:39,231 - sqlalchemy.engine.Engine - INFO - [cached since 0.01145s ago] ('books', 'r', 'p', 'f', 'v', 'm', 'pg_catalog')
2025-05-29 21:07:39,234 - sqlalchemy.engine.Engine - INFO - 
CREATE TABLE books (
	id SERIAL NOT NULL, 
	title VARCHAR NOT NULL, 
	author VARCHAR NOT NULL, 
	year INTEGER NOT NULL, 
	genre VARCHAR NOT NULL, 
	pages INTEGER NOT NULL, 
	availability VARCHAR(20) NOT NULL, 
	cover_url VARCHAR, 
	description VARCHAR, 
	PRIMARY KEY (id)
)


2025-05-29 21:07:39,236 - sqlalchemy.engine.Engine - INFO - [no key 0.00231s] ()
2025-05-29 21:07:39,247 - sqlalchemy.engine.Engine - INFO - CREATE INDEX ix_books_id ON books (id)
2025-05-29 21:07:39,247 - sqlalchemy.engine.Engine - INFO - [no key 0.00046s] ()
2025-05-29 21:07:39,251 - sqlalchemy.engine.Engine - INFO - COMMENT ON COLUMN books.title IS 'Наименование книги'
2025-05-29 21:07:39,251 - sqlalchemy.engine.Engine - INFO - [no key 0.00049s] ()
2025-05-29 21:07:39,252 - sqlalchemy.engine.Engine - INFO - COMMENT ON COLUMN books.author IS 'Имя автора'
2025-05-29 21:07:39,253 - sqlalchemy.engine.Engine - INFO - [no key 0.00037s] ()
2025-05-29 21:07:39,254 - sqlalchemy.engine.Engine - INFO - COMMENT ON COLUMN books.year IS 'Год издания книги'
2025-05-29 21:07:39,254 - sqlalchemy.engine.Engine - INFO - [no key 0.00037s] ()
2025-05-29 21:07:39,255 - sqlalchemy.engine.Engine - INFO - COMMENT ON COLUMN books.genre IS 'Жанр книги'
2025-05-29 21:07:39,256 - sqlalchemy.engine.Engine - INFO - [no key 0.00056s] ()
2025-05-29 21:07:39,257 - sqlalchemy.engine.Engine - INFO - COMMENT ON COLUMN books.pages IS 'Количество страниц книги'
2025-05-29 21:07:39,258 - sqlalchemy.engine.Engine - INFO - [no key 0.00115s] ()
2025-05-29 21:07:39,259 - sqlalchemy.engine.Engine - INFO - COMMENT ON COLUMN books.availability IS 'Статус доступности'
2025-05-29 21:07:39,260 - sqlalchemy.engine.Engine - INFO - [no key 0.00049s] ()
2025-05-29 21:07:39,261 - sqlalchemy.engine.Engine - INFO - COMMENT ON COLUMN books.cover_url IS 'Ссылка на обложку'
2025-05-29 21:07:39,261 - sqlalchemy.engine.Engine - INFO - [no key 0.00047s] ()
2025-05-29 21:07:39,262 - sqlalchemy.engine.Engine - INFO - COMMENT ON COLUMN books.description IS 'Описание книги'
2025-05-29 21:07:39,263 - sqlalchemy.engine.Engine - INFO - [no key 0.00040s] ()
2025-05-29 21:07:39,264 - sqlalchemy.engine.Engine - INFO - COMMIT
2025-05-29 21:10:25,961 - sqlalchemy.engine.Engine - INFO - select pg_catalog.version()
2025-05-29 21:10:25,961 - sqlalchemy.engine.Engine - INFO - [raw sql] ()
2025-05-29 21:10:25,964 - sqlalchemy.engine.Engine - INFO - select current_schema()
2025-05-29 21:10:25,964 - sqlalchemy.engine.Engine - INFO - [raw sql] ()
2025-05-29 21:10:25,966 - sqlalchemy.engine.Engine - INFO - show standard_conforming_strings
2025-05-29 21:10:25,966 - sqlalchemy.engine.Engine - INFO - [raw sql] ()
2025-05-29 21:10:25,968 - sqlalchemy.engine.Engine - INFO - BEGIN (implicit)
2025-05-29 21:10:25,972 - sqlalchemy.engine.Engine - INFO - SELECT pg_catalog.pg_class.relname 
FROM pg_catalog.pg_class JOIN pg_catalog.pg_namespace ON pg_catalog.pg_namespace.oid = pg_catalog.pg_class.relnamespace 
WHERE pg_catalog.pg_class.relname = $1::VARCHAR AND pg_catalog.pg_class.relkind = ANY (ARRAY[$2::VARCHAR, $3::VARCHAR, $4::VARCHAR, $5::VARCHAR, $6::VARCHAR]) AND pg_catalog.pg_table_is_visible(pg_catalog.pg_class.oid) AND pg_catalog.pg_namespace.nspname != $7::VARCHAR
2025-05-29 21:10:25,973 - sqlalchemy.engine.Engine - INFO - [generated in 0.00104s] ('books', 'r', 'p', 'f', 'v', 'm', 'pg_catalog')
2025-05-29 21:10:25,977 - sqlalchemy.engine.Engine - INFO - 
DROP TABLE books
2025-05-29 21:10:25,978 - sqlalchemy.engine.Engine - INFO - [no key 0.00060s] ()
2025-05-29 21:10:25,982 - sqlalchemy.engine.Engine - INFO - SELECT pg_catalog.pg_class.relname 
FROM pg_catalog.pg_class JOIN pg_catalog.pg_namespace ON pg_catalog.pg_namespace.oid = pg_catalog.pg_class.relnamespace 
WHERE pg_catalog.pg_class.relname = $1::VARCHAR AND pg_catalog.pg_class.relkind = ANY (ARRAY[$2::VARCHAR, $3::VARCHAR, $4::VARCHAR, $5::VARCHAR, $6::VARCHAR]) AND pg_catalog.pg_table_is_visible(pg_catalog.pg_class.oid) AND pg_catalog.pg_namespace.nspname != $7::VARCHAR
2025-05-29 21:10:25,983 - sqlalchemy.engine.Engine - INFO - [cached since 0.0115s ago] ('books', 'r', 'p', 'f', 'v', 'm', 'pg_catalog')
2025-05-29 21:10:25,986 - sqlalchemy.engine.Engine - INFO - 
CREATE TABLE books (
	id SERIAL NOT NULL, 
	title VARCHAR NOT NULL, 
	author VARCHAR NOT NULL, 
	year INTEGER NOT NULL, 
	genre VARCHAR NOT NULL, 
	pages INTEGER NOT NULL, 
	availability VARCHAR(20) NOT NULL, 
	cover_url VARCHAR, 
	description VARCHAR, 
	PRIMARY KEY (id)
)


2025-05-29 21:10:25,987 - sqlalchemy.engine.Engine - INFO - [no key 0.00173s] ()
2025-05-29 21:10:26,006 - sqlalchemy.engine.Engine - INFO - CREATE INDEX ix_books_id ON books (id)
2025-05-29 21:10:26,007 - sqlalchemy.engine.Engine - INFO - [no key 0.00074s] ()
2025-05-29 21:10:26,012 - sqlalchemy.engine.Engine - INFO - COMMENT ON COLUMN books.title IS 'Наименование книги'
2025-05-29 21:10:26,012 - sqlalchemy.engine.Engine - INFO - [no key 0.00057s] ()
2025-05-29 21:10:26,014 - sqlalchemy.engine.Engine - INFO - COMMENT ON COLUMN books.author IS 'Имя автора'
2025-05-29 21:10:26,014 - sqlalchemy.engine.Engine - INFO - [no key 0.00049s] ()
2025-05-29 21:10:26,015 - sqlalchemy.engine.Engine - INFO - COMMENT ON COLUMN books.year IS 'Год издания книги'
2025-05-29 21:10:26,016 - sqlalchemy.engine.Engine - INFO - [no key 0.00049s] ()
2025-05-29 21:10:26,017 - sqlalchemy.engine.Engine - INFO - COMMENT ON COLUMN books.genre IS 'Жанр книги'
2025-05-29 21:10:26,017 - sqlalchemy.engine.Engine - INFO - [no key 0.00043s] ()
2025-05-29 21:10:26,018 - sqlalchemy.engine.Engine - INFO - COMMENT ON COLUMN books.pages IS 'Количество страниц книги'
2025-05-29 21:10:26,019 - sqlalchemy.engine.Engine - INFO - [no key 0.00045s] ()
2025-05-29 21:10:26,020 - sqlalchemy.engine.Engine - INFO - COMMENT ON COLUMN books.availability IS 'Статус доступности'
2025-05-29 21:10:26,020 - sqlalchemy.engine.Engine - INFO - [no key 0.00042s] ()
2025-05-29 21:10:26,021 - sqlalchemy.engine.Engine - INFO - COMMENT ON COLUMN books.cover_url IS 'Ссылка на обложку'
2025-05-29 21:10:26,021 - sqlalchemy.engine.Engine - INFO - [no key 0.00040s] ()
2025-05-29 21:10:26,022 - sqlalchemy.engine.Engine - INFO - COMMENT ON COLUMN books.description IS 'Описание книги'
2025-05-29 21:10:26,023 - sqlalchemy.engine.Engine - INFO - [no key 0.00062s] ()
2025-05-29 21:10:26,024 - sqlalchemy.engine.Engine - INFO - COMMIT
2025-05-29 21:15:28,517 - sqlalchemy.engine.Engine - INFO - select pg_catalog.version()
2025-05-29 21:15:28,518 - sqlalchemy.engine.Engine - INFO - [raw sql] ()
2025-05-29 21:15:28,520 - sqlalchemy.engine.Engine - INFO - select current_schema()
2025-05-29 21:15:28,520 - sqlalchemy.engine.Engine - INFO - [raw sql] ()
2025-05-29 21:15:28,522 - sqlalchemy.engine.Engine - INFO - show standard_conforming_strings
2025-05-29 21:15:28,522 - sqlalchemy.engine.Engine - INFO - [raw sql] ()
2025-05-29 21:15:28,524 - sqlalchemy.engine.Engine - INFO - BEGIN (implicit)
2025-05-29 21:15:28,528 - sqlalchemy.engine.Engine - INFO - SELECT pg_catalog.pg_class.relname 
FROM pg_catalog.pg_class JOIN pg_catalog.pg_namespace ON pg_catalog.pg_namespace.oid = pg_catalog.pg_class.relnamespace 
WHERE pg_catalog.pg_class.relname = $1::VARCHAR AND pg_catalog.pg_class.relkind = ANY (ARRAY[$2::VARCHAR, $3::VARCHAR, $4::VARCHAR, $5::VARCHAR, $6::VARCHAR]) AND pg_catalog.pg_table_is_visible(pg_catalog.pg_class.oid) AND pg_catalog.pg_namespace.nspname != $7::VARCHAR
2025-05-29 21:15:28,529 - sqlalchemy.engine.Engine - INFO - [generated in 0.00098s] ('books', 'r', 'p', 'f', 'v', 'm', 'pg_catalog')
2025-05-29 21:15:28,533 - sqlalchemy.engine.Engine - INFO - 
DROP TABLE books
2025-05-29 21:15:28,533 - sqlalchemy.engine.Engine - INFO - [no key 0.00066s] ()
2025-05-29 21:15:28,538 - sqlalchemy.engine.Engine - INFO - SELECT pg_catalog.pg_class.relname 
FROM pg_catalog.pg_class JOIN pg_catalog.pg_namespace ON pg_catalog.pg_namespace.oid = pg_catalog.pg_class.relnamespace 
WHERE pg_catalog.pg_class.relname = $1::VARCHAR AND pg_catalog.pg_class.relkind = ANY (ARRAY[$2::VARCHAR, $3::VARCHAR, $4::VARCHAR, $5::VARCHAR, $6::VARCHAR]) AND pg_catalog.pg_table_is_visible(pg_catalog.pg_class.oid) AND pg_catalog.pg_namespace.nspname != $7::VARCHAR
2025-05-29 21:15:28,539 - sqlalchemy.engine.Engine - INFO - [cached since 0.01077s ago] ('books', 'r', 'p', 'f', 'v', 'm', 'pg_catalog')
2025-05-29 21:15:28,541 - sqlalchemy.engine.Engine - INFO - 
CREATE TABLE books (
	id SERIAL NOT NULL, 
	title VARCHAR NOT NULL, 
	author VARCHAR NOT NULL, 
	year INTEGER NOT NULL, 
	genre VARCHAR NOT NULL, 
	pages INTEGER NOT NULL, 
	availability VARCHAR(20) NOT NULL, 
	cover_url VARCHAR, 
	description VARCHAR, 
	PRIMARY KEY (id)
)


2025-05-29 21:15:28,542 - sqlalchemy.engine.Engine - INFO - [no key 0.00176s] ()
2025-05-29 21:15:28,552 - sqlalchemy.engine.Engine - INFO - CREATE INDEX ix_books_id ON books (id)
2025-05-29 21:15:28,553 - sqlalchemy.engine.Engine - INFO - [no key 0.00049s] ()
2025-05-29 21:15:28,557 - sqlalchemy.engine.Engine - INFO - COMMENT ON COLUMN books.title IS 'Наименование книги'
2025-05-29 21:15:28,557 - sqlalchemy.engine.Engine - INFO - [no key 0.00054s] ()
2025-05-29 21:15:28,559 - sqlalchemy.engine.Engine - INFO - COMMENT ON COLUMN books.author IS 'Имя автора'
2025-05-29 21:15:28,559 - sqlalchemy.engine.Engine - INFO - [no key 0.00043s] ()
2025-05-29 21:15:28,560 - sqlalchemy.engine.Engine - INFO - COMMENT ON COLUMN books.year IS 'Год издания книги'
2025-05-29 21:15:28,560 - sqlalchemy.engine.Engine - INFO - [no key 0.00042s] ()
2025-05-29 21:15:28,561 - sqlalchemy.engine.Engine - INFO - COMMENT ON COLUMN books.genre IS 'Жанр книги'
2025-05-29 21:15:28,562 - sqlalchemy.engine.Engine - INFO - [no key 0.00041s] ()
2025-05-29 21:15:28,563 - sqlalchemy.engine.Engine - INFO - COMMENT ON COLUMN books.pages IS 'Количество страниц книги'
2025-05-29 21:15:28,563 - sqlalchemy.engine.Engine - INFO - [no key 0.00045s] ()
2025-05-29 21:15:28,564 - sqlalchemy.engine.Engine - INFO - COMMENT ON COLUMN books.availability IS 'Статус доступности'
2025-05-29 21:15:28,564 - sqlalchemy.engine.Engine - INFO - [no key 0.00041s] ()
2025-05-29 21:15:28,565 - sqlalchemy.engine.Engine - INFO - COMMENT ON COLUMN books.cover_url IS 'Ссылка на обложку'
2025-05-29 21:15:28,566 - sqlalchemy.engine.Engine - INFO - [no key 0.00044s] ()
2025-05-29 21:15:28,567 - sqlalchemy.engine.Engine - INFO - COMMENT ON COLUMN books.description IS 'Описание книги'
2025-05-29 21:15:28,567 - sqlalchemy.engine.Engine - INFO - [no key 0.00041s] ()
2025-05-29 21:15:28,568 - sqlalchemy.engine.Engine - INFO - COMMIT
2025-05-29 21:28:01,504 - sqlalchemy.engine.Engine - INFO - select pg_catalog.version()
2025-05-29 21:28:01,504 - sqlalchemy.engine.Engine - INFO - [raw sql] ()
2025-05-29 21:28:01,506 - sqlalchemy.engine.Engine - INFO - select current_schema()
2025-05-29 21:28:01,507 - sqlalchemy.engine.Engine - INFO - [raw sql] ()
2025-05-29 21:28:01,508 - sqlalchemy.engine.Engine - INFO - show standard_conforming_strings
2025-05-29 21:28:01,509 - sqlalchemy.engine.Engine - INFO - [raw sql] ()
2025-05-29 21:28:01,510 - sqlalchemy.engine.Engine - INFO - BEGIN (implicit)
2025-05-29 21:28:01,515 - sqlalchemy.engine.Engine - INFO - SELECT pg_catalog.pg_class.relname 
FROM pg_catalog.pg_class JOIN pg_catalog.pg_namespace ON pg_catalog.pg_namespace.oid = pg_catalog.pg_class.relnamespace 
WHERE pg_catalog.pg_class.relname = $1::VARCHAR AND pg_catalog.pg_class.relkind = ANY (ARRAY[$2::VARCHAR, $3::VARCHAR, $4::VARCHAR, $5::VARCHAR, $6::VARCHAR]) AND pg_catalog.pg_table_is_visible(pg_catalog.pg_class.oid) AND pg_catalog.pg_namespace.nspname != $7::VARCHAR
2025-05-29 21:28:01,516 - sqlalchemy.engine.Engine - INFO - [generated in 0.00102s] ('books', 'r', 'p', 'f', 'v', 'm', 'pg_catalog')
2025-05-29 21:28:01,520 - sqlalchemy.engine.Engine - INFO - 
DROP TABLE books
2025-05-29 21:28:01,522 - sqlalchemy.engine.Engine - INFO - [no key 0.00222s] ()
2025-05-29 21:28:01,527 - sqlalchemy.engine.Engine - INFO - SELECT pg_catalog.pg_class.relname 
FROM pg_catalog.pg_class JOIN pg_catalog.pg_namespace ON pg_catalog.pg_namespace.oid = pg_catalog.pg_class.relnamespace 
WHERE pg_catalog.pg_class.relname = $1::VARCHAR AND pg_catalog.pg_class.relkind = ANY (ARRAY[$2::VARCHAR, $3::VARCHAR, $4::VARCHAR, $5::VARCHAR, $6::VARCHAR]) AND pg_catalog.pg_table_is_visible(pg_catalog.pg_class.oid) AND pg_catalog.pg_namespace.nspname != $7::VARCHAR
2025-05-29 21:28:01,528 - sqlalchemy.engine.Engine - INFO - [cached since 0.01292s ago] ('books', 'r', 'p', 'f', 'v', 'm', 'pg_catalog')
2025-05-29 21:28:01,530 - sqlalchemy.engine.Engine - INFO - 
CREATE TABLE books (
	id SERIAL NOT NULL, 
	title VARCHAR NOT NULL, 
	author VARCHAR NOT NULL, 
	year INTEGER NOT NULL, 
	genre VARCHAR NOT NULL, 
	pages INTEGER NOT NULL, 
	availability VARCHAR(20) NOT NULL, 
	cover_url VARCHAR, 
	description VARCHAR, 
	PRIMARY KEY (id)
)


2025-05-29 21:28:01,532 - sqlalchemy.engine.Engine - INFO - [no key 0.00201s] ()
2025-05-29 21:28:01,543 - sqlalchemy.engine.Engine - INFO - CREATE INDEX ix_books_id ON books (id)
2025-05-29 21:28:01,543 - sqlalchemy.engine.Engine - INFO - [no key 0.00049s] ()
2025-05-29 21:28:01,547 - sqlalchemy.engine.Engine - INFO - COMMENT ON COLUMN books.title IS 'Наименование книги'
2025-05-29 21:28:01,548 - sqlalchemy.engine.Engine - INFO - [no key 0.00057s] ()
2025-05-29 21:28:01,549 - sqlalchemy.engine.Engine - INFO - COMMENT ON COLUMN books.author IS 'Имя автора'
2025-05-29 21:28:01,550 - sqlalchemy.engine.Engine - INFO - [no key 0.00047s] ()
2025-05-29 21:28:01,551 - sqlalchemy.engine.Engine - INFO - COMMENT ON COLUMN books.year IS 'Год издания книги'
2025-05-29 21:28:01,551 - sqlalchemy.engine.Engine - INFO - [no key 0.00045s] ()
2025-05-29 21:28:01,553 - sqlalchemy.engine.Engine - INFO - COMMENT ON COLUMN books.genre IS 'Жанр книги'
2025-05-29 21:28:01,554 - sqlalchemy.engine.Engine - INFO - [no key 0.00052s] ()
2025-05-29 21:28:01,555 - sqlalchemy.engine.Engine - INFO - COMMENT ON COLUMN books.pages IS 'Количество страниц книги'
2025-05-29 21:28:01,555 - sqlalchemy.engine.Engine - INFO - [no key 0.00048s] ()
2025-05-29 21:28:01,556 - sqlalchemy.engine.Engine - INFO - COMMENT ON COLUMN books.availability IS 'Статус доступности'
2025-05-29 21:28:01,557 - sqlalchemy.engine.Engine - INFO - [no key 0.00053s] ()
2025-05-29 21:28:01,558 - sqlalchemy.engine.Engine - INFO - COMMENT ON COLUMN books.cover_url IS 'Ссылка на обложку'
2025-05-29 21:28:01,558 - sqlalchemy.engine.Engine - INFO - [no key 0.00041s] ()
2025-05-29 21:28:01,559 - sqlalchemy.engine.Engine - INFO - COMMENT ON COLUMN books.description IS 'Описание книги'
2025-05-29 21:28:01,560 - sqlalchemy.engine.Engine - INFO - [no key 0.00043s] ()
2025-05-29 21:28:01,561 - sqlalchemy.engine.Engine - INFO - COMMIT
2025-05-29 21:29:13,479 - httpx - INFO - HTTP Request: GET https://api.jsonbin.io/v3/b/682bbc1f8561e97a5017996e "HTTP/1.1 200 OK"
2025-05-29 21:29:13,487 - book_catalog - INFO - Создания книги: 'harry potter' | Хранилище: postgres
2025-05-29 21:29:14,587 - httpx - INFO - HTTP Request: GET https://openlibrary.org/search.json?q=title%3Aharry+potter&limit=1 "HTTP/1.1 200 OK"
2025-05-29 21:29:15,637 - httpx - INFO - HTTP Request: GET https://openlibrary.org/works/OL82563W.json "HTTP/1.1 200 OK"
2025-05-29 21:29:15,660 - sqlalchemy.engine.Engine - INFO - BEGIN (implicit)
2025-05-29 21:29:15,664 - sqlalchemy.engine.Engine - INFO - INSERT INTO books (title, author, year, genre, pages, availability, cover_url, description) VALUES ($1::VARCHAR, $2::VARCHAR, $3::INTEGER, $4::VARCHAR, $5::INTEGER, $6::VARCHAR, $7::VARCHAR, $8::VARCHAR) RETURNING books.id
2025-05-29 21:29:15,665 - sqlalchemy.engine.Engine - INFO - [generated in 0.00113s] ('harry potter', 'J.K', 1997, 'Ph', 1500, <AvailabilityStatus.AVAILABLE: 'available'>, 'https://covers.openlibrary.org/b/id/10521270-L.jpg', 'Harry Potter #1\r\n\r\nWhen mysterious letters start arriving on his doorstep, Harry Potter has never heard of Hogwarts School of Witchcraft and Wiza ... (255 characters truncated) ... st of the Harry Potter adventures is set to begin.\r\n([source][1])\r\n\r\n\r\n  [1]: https://www.jkrowling.com/book/harry-potter-philosophers-stone/')
2025-05-29 21:29:15,673 - sqlalchemy.engine.Engine - INFO - COMMIT
2025-05-29 21:29:15,676 - sqlalchemy.engine.Engine - INFO - BEGIN (implicit)
2025-05-29 21:29:15,679 - sqlalchemy.engine.Engine - INFO - SELECT books.id, books.title, books.author, books.year, books.genre, books.pages, books.availability, books.cover_url, books.description 
FROM books 
WHERE books.id = $1::INTEGER
2025-05-29 21:29:15,680 - sqlalchemy.engine.Engine - INFO - [generated in 0.00126s] (1,)
2025-05-29 21:29:15,684 - book_catalog - INFO - Книга создана: <models.books.BookModel object at 0x00000168456353A0>
2025-05-29 21:29:15,691 - sqlalchemy.engine.Engine - INFO - ROLLBACK
2025-05-29 21:29:25,331 - book_catalog - INFO - Фильтрация title=None author=None genre=None limit=10 offset=0
2025-05-29 21:29:25,332 - book_catalog - ERROR - Ошибка получения книг: 'Depends' object has no attribute 'get_all_books'
2025-05-29 21:31:46,051 - sqlalchemy.engine.Engine - INFO - select pg_catalog.version()
2025-05-29 21:31:46,051 - sqlalchemy.engine.Engine - INFO - [raw sql] ()
2025-05-29 21:31:46,053 - sqlalchemy.engine.Engine - INFO - select current_schema()
2025-05-29 21:31:46,054 - sqlalchemy.engine.Engine - INFO - [raw sql] ()
2025-05-29 21:31:46,056 - sqlalchemy.engine.Engine - INFO - show standard_conforming_strings
2025-05-29 21:31:46,056 - sqlalchemy.engine.Engine - INFO - [raw sql] ()
2025-05-29 21:31:46,058 - sqlalchemy.engine.Engine - INFO - BEGIN (implicit)
2025-05-29 21:31:46,063 - sqlalchemy.engine.Engine - INFO - SELECT pg_catalog.pg_class.relname 
FROM pg_catalog.pg_class JOIN pg_catalog.pg_namespace ON pg_catalog.pg_namespace.oid = pg_catalog.pg_class.relnamespace 
WHERE pg_catalog.pg_class.relname = $1::VARCHAR AND pg_catalog.pg_class.relkind = ANY (ARRAY[$2::VARCHAR, $3::VARCHAR, $4::VARCHAR, $5::VARCHAR, $6::VARCHAR]) AND pg_catalog.pg_table_is_visible(pg_catalog.pg_class.oid) AND pg_catalog.pg_namespace.nspname != $7::VARCHAR
2025-05-29 21:31:46,063 - sqlalchemy.engine.Engine - INFO - [generated in 0.00105s] ('books', 'r', 'p', 'f', 'v', 'm', 'pg_catalog')
2025-05-29 21:31:46,067 - sqlalchemy.engine.Engine - INFO - 
DROP TABLE books
2025-05-29 21:31:46,068 - sqlalchemy.engine.Engine - INFO - [no key 0.00059s] ()
2025-05-29 21:31:46,072 - sqlalchemy.engine.Engine - INFO - SELECT pg_catalog.pg_class.relname 
FROM pg_catalog.pg_class JOIN pg_catalog.pg_namespace ON pg_catalog.pg_namespace.oid = pg_catalog.pg_class.relnamespace 
WHERE pg_catalog.pg_class.relname = $1::VARCHAR AND pg_catalog.pg_class.relkind = ANY (ARRAY[$2::VARCHAR, $3::VARCHAR, $4::VARCHAR, $5::VARCHAR, $6::VARCHAR]) AND pg_catalog.pg_table_is_visible(pg_catalog.pg_class.oid) AND pg_catalog.pg_namespace.nspname != $7::VARCHAR
2025-05-29 21:31:46,073 - sqlalchemy.engine.Engine - INFO - [cached since 0.01075s ago] ('books', 'r', 'p', 'f', 'v', 'm', 'pg_catalog')
2025-05-29 21:31:46,075 - sqlalchemy.engine.Engine - INFO - 
CREATE TABLE books (
	id SERIAL NOT NULL, 
	title VARCHAR NOT NULL, 
	author VARCHAR NOT NULL, 
	year INTEGER NOT NULL, 
	genre VARCHAR NOT NULL, 
	pages INTEGER NOT NULL, 
	availability VARCHAR(20) NOT NULL, 
	cover_url VARCHAR, 
	description VARCHAR, 
	PRIMARY KEY (id)
)


2025-05-29 21:31:46,078 - sqlalchemy.engine.Engine - INFO - [no key 0.00277s] ()
2025-05-29 21:31:46,088 - sqlalchemy.engine.Engine - INFO - CREATE INDEX ix_books_id ON books (id)
2025-05-29 21:31:46,089 - sqlalchemy.engine.Engine - INFO - [no key 0.00055s] ()
2025-05-29 21:31:46,093 - sqlalchemy.engine.Engine - INFO - COMMENT ON COLUMN books.title IS 'Наименование книги'
2025-05-29 21:31:46,094 - sqlalchemy.engine.Engine - INFO - [no key 0.00074s] ()
2025-05-29 21:31:46,095 - sqlalchemy.engine.Engine - INFO - COMMENT ON COLUMN books.author IS 'Имя автора'
2025-05-29 21:31:46,095 - sqlalchemy.engine.Engine - INFO - [no key 0.00050s] ()
2025-05-29 21:31:46,097 - sqlalchemy.engine.Engine - INFO - COMMENT ON COLUMN books.year IS 'Год издания книги'
2025-05-29 21:31:46,097 - sqlalchemy.engine.Engine - INFO - [no key 0.00049s] ()
2025-05-29 21:31:46,098 - sqlalchemy.engine.Engine - INFO - COMMENT ON COLUMN books.genre IS 'Жанр книги'
2025-05-29 21:31:46,099 - sqlalchemy.engine.Engine - INFO - [no key 0.00050s] ()
2025-05-29 21:31:46,100 - sqlalchemy.engine.Engine - INFO - COMMENT ON COLUMN books.pages IS 'Количество страниц книги'
2025-05-29 21:31:46,100 - sqlalchemy.engine.Engine - INFO - [no key 0.00045s] ()
2025-05-29 21:31:46,102 - sqlalchemy.engine.Engine - INFO - COMMENT ON COLUMN books.availability IS 'Статус доступности'
2025-05-29 21:31:46,102 - sqlalchemy.engine.Engine - INFO - [no key 0.00048s] ()
2025-05-29 21:31:46,103 - sqlalchemy.engine.Engine - INFO - COMMENT ON COLUMN books.cover_url IS 'Ссылка на обложку'
2025-05-29 21:31:46,104 - sqlalchemy.engine.Engine - INFO - [no key 0.00044s] ()
2025-05-29 21:31:46,105 - sqlalchemy.engine.Engine - INFO - COMMENT ON COLUMN books.description IS 'Описание книги'
2025-05-29 21:31:46,105 - sqlalchemy.engine.Engine - INFO - [no key 0.00044s] ()
2025-05-29 21:31:46,106 - sqlalchemy.engine.Engine - INFO - COMMIT
2025-05-29 21:32:14,290 - sqlalchemy.engine.Engine - INFO - select pg_catalog.version()
2025-05-29 21:32:14,290 - sqlalchemy.engine.Engine - INFO - [raw sql] ()
2025-05-29 21:32:14,292 - sqlalchemy.engine.Engine - INFO - select current_schema()
2025-05-29 21:32:14,293 - sqlalchemy.engine.Engine - INFO - [raw sql] ()
2025-05-29 21:32:14,294 - sqlalchemy.engine.Engine - INFO - show standard_conforming_strings
2025-05-29 21:32:14,295 - sqlalchemy.engine.Engine - INFO - [raw sql] ()
2025-05-29 21:32:14,296 - sqlalchemy.engine.Engine - INFO - BEGIN (implicit)
2025-05-29 21:32:14,301 - sqlalchemy.engine.Engine - INFO - SELECT pg_catalog.pg_class.relname 
FROM pg_catalog.pg_class JOIN pg_catalog.pg_namespace ON pg_catalog.pg_namespace.oid = pg_catalog.pg_class.relnamespace 
WHERE pg_catalog.pg_class.relname = $1::VARCHAR AND pg_catalog.pg_class.relkind = ANY (ARRAY[$2::VARCHAR, $3::VARCHAR, $4::VARCHAR, $5::VARCHAR, $6::VARCHAR]) AND pg_catalog.pg_table_is_visible(pg_catalog.pg_class.oid) AND pg_catalog.pg_namespace.nspname != $7::VARCHAR
2025-05-29 21:32:14,302 - sqlalchemy.engine.Engine - INFO - [generated in 0.00098s] ('books', 'r', 'p', 'f', 'v', 'm', 'pg_catalog')
2025-05-29 21:32:14,306 - sqlalchemy.engine.Engine - INFO - 
DROP TABLE books
2025-05-29 21:32:14,306 - sqlalchemy.engine.Engine - INFO - [no key 0.00052s] ()
2025-05-29 21:32:14,310 - sqlalchemy.engine.Engine - INFO - SELECT pg_catalog.pg_class.relname 
FROM pg_catalog.pg_class JOIN pg_catalog.pg_namespace ON pg_catalog.pg_namespace.oid = pg_catalog.pg_class.relnamespace 
WHERE pg_catalog.pg_class.relname = $1::VARCHAR AND pg_catalog.pg_class.relkind = ANY (ARRAY[$2::VARCHAR, $3::VARCHAR, $4::VARCHAR, $5::VARCHAR, $6::VARCHAR]) AND pg_catalog.pg_table_is_visible(pg_catalog.pg_class.oid) AND pg_catalog.pg_namespace.nspname != $7::VARCHAR
2025-05-29 21:32:14,311 - sqlalchemy.engine.Engine - INFO - [cached since 0.01007s ago] ('books', 'r', 'p', 'f', 'v', 'm', 'pg_catalog')
2025-05-29 21:32:14,314 - sqlalchemy.engine.Engine - INFO - 
CREATE TABLE books (
	id SERIAL NOT NULL, 
	title VARCHAR NOT NULL, 
	author VARCHAR NOT NULL, 
	year INTEGER NOT NULL, 
	genre VARCHAR NOT NULL, 
	pages INTEGER NOT NULL, 
	availability VARCHAR(20) NOT NULL, 
	cover_url VARCHAR, 
	description VARCHAR, 
	PRIMARY KEY (id)
)


2025-05-29 21:32:14,315 - sqlalchemy.engine.Engine - INFO - [no key 0.00169s] ()
2025-05-29 21:32:14,325 - sqlalchemy.engine.Engine - INFO - CREATE INDEX ix_books_id ON books (id)
2025-05-29 21:32:14,326 - sqlalchemy.engine.Engine - INFO - [no key 0.00048s] ()
2025-05-29 21:32:14,330 - sqlalchemy.engine.Engine - INFO - COMMENT ON COLUMN books.title IS 'Наименование книги'
2025-05-29 21:32:14,331 - sqlalchemy.engine.Engine - INFO - [no key 0.00066s] ()
2025-05-29 21:32:14,332 - sqlalchemy.engine.Engine - INFO - COMMENT ON COLUMN books.author IS 'Имя автора'
2025-05-29 21:32:14,333 - sqlalchemy.engine.Engine - INFO - [no key 0.00046s] ()
2025-05-29 21:32:14,334 - sqlalchemy.engine.Engine - INFO - COMMENT ON COLUMN books.year IS 'Год издания книги'
2025-05-29 21:32:14,334 - sqlalchemy.engine.Engine - INFO - [no key 0.00048s] ()
2025-05-29 21:32:14,335 - sqlalchemy.engine.Engine - INFO - COMMENT ON COLUMN books.genre IS 'Жанр книги'
2025-05-29 21:32:14,335 - sqlalchemy.engine.Engine - INFO - [no key 0.00039s] ()
2025-05-29 21:32:14,336 - sqlalchemy.engine.Engine - INFO - COMMENT ON COLUMN books.pages IS 'Количество страниц книги'
2025-05-29 21:32:14,337 - sqlalchemy.engine.Engine - INFO - [no key 0.00041s] ()
2025-05-29 21:32:14,338 - sqlalchemy.engine.Engine - INFO - COMMENT ON COLUMN books.availability IS 'Статус доступности'
2025-05-29 21:32:14,338 - sqlalchemy.engine.Engine - INFO - [no key 0.00040s] ()
2025-05-29 21:32:14,339 - sqlalchemy.engine.Engine - INFO - COMMENT ON COLUMN books.cover_url IS 'Ссылка на обложку'
2025-05-29 21:32:14,339 - sqlalchemy.engine.Engine - INFO - [no key 0.00039s] ()
2025-05-29 21:32:14,340 - sqlalchemy.engine.Engine - INFO - COMMENT ON COLUMN books.description IS 'Описание книги'
2025-05-29 21:32:14,341 - sqlalchemy.engine.Engine - INFO - [no key 0.00040s] ()
2025-05-29 21:32:14,341 - sqlalchemy.engine.Engine - INFO - COMMIT
2025-05-29 21:32:22,248 - httpx - INFO - HTTP Request: GET https://api.jsonbin.io/v3/b/682bbc1f8561e97a5017996e "HTTP/1.1 200 OK"
2025-05-29 21:32:22,258 - book_catalog - INFO - Создания книги: 'harry potter' | Хранилище: postgres
2025-05-29 21:32:23,402 - httpx - INFO - HTTP Request: GET https://openlibrary.org/search.json?q=title%3Aharry+potter&limit=1 "HTTP/1.1 200 OK"
2025-05-29 21:32:24,460 - httpx - INFO - HTTP Request: GET https://openlibrary.org/works/OL82563W.json "HTTP/1.1 200 OK"
2025-05-29 21:32:24,472 - sqlalchemy.engine.Engine - INFO - BEGIN (implicit)
2025-05-29 21:32:24,475 - sqlalchemy.engine.Engine - INFO - INSERT INTO books (title, author, year, genre, pages, availability, cover_url, description) VALUES ($1::VARCHAR, $2::VARCHAR, $3::INTEGER, $4::VARCHAR, $5::INTEGER, $6::VARCHAR, $7::VARCHAR, $8::VARCHAR) RETURNING books.id
2025-05-29 21:32:24,475 - sqlalchemy.engine.Engine - INFO - [generated in 0.00132s] ('harry potter', 'J.K', 1997, 'Ph', 1500, <AvailabilityStatus.AVAILABLE: 'available'>, 'https://covers.openlibrary.org/b/id/10521270-L.jpg', 'Harry Potter #1\r\n\r\nWhen mysterious letters start arriving on his doorstep, Harry Potter has never heard of Hogwarts School of Witchcraft and Wiza ... (255 characters truncated) ... st of the Harry Potter adventures is set to begin.\r\n([source][1])\r\n\r\n\r\n  [1]: https://www.jkrowling.com/book/harry-potter-philosophers-stone/')
2025-05-29 21:32:24,484 - sqlalchemy.engine.Engine - INFO - COMMIT
2025-05-29 21:32:24,485 - sqlalchemy.engine.Engine - INFO - BEGIN (implicit)
2025-05-29 21:32:24,490 - sqlalchemy.engine.Engine - INFO - SELECT books.id, books.title, books.author, books.year, books.genre, books.pages, books.availability, books.cover_url, books.description 
FROM books 
WHERE books.id = $1::INTEGER
2025-05-29 21:32:24,491 - sqlalchemy.engine.Engine - INFO - [generated in 0.00174s] (1,)
2025-05-29 21:32:24,494 - book_catalog - INFO - Книга создана: <models.books.BookModel object at 0x000001A27357CB00>
2025-05-29 21:32:24,498 - sqlalchemy.engine.Engine - INFO - ROLLBACK
2025-05-29 21:32:33,493 - httpx - INFO - HTTP Request: GET https://api.jsonbin.io/v3/b/682bbc1f8561e97a5017996e "HTTP/1.1 200 OK"
2025-05-29 21:32:33,499 - book_catalog - INFO - Фильтрация title=None author=None genre=None limit=10 offset=0
2025-05-29 21:32:33,500 - sqlalchemy.engine.Engine - INFO - BEGIN (implicit)
2025-05-29 21:32:33,504 - sqlalchemy.engine.Engine - INFO - SELECT books.id, books.title, books.author, books.year, books.genre, books.pages, books.availability, books.cover_url, books.description 
FROM books 
 LIMIT $1::INTEGER
2025-05-29 21:32:33,505 - sqlalchemy.engine.Engine - INFO - [generated in 0.00118s] (10,)
2025-05-29 21:32:33,508 - book_catalog - INFO - Получаем отфильтрованный список книг[<models.books.BookModel object at 0x000001A27360C410>]
2025-05-29 21:32:33,509 - sqlalchemy.engine.Engine - INFO - ROLLBACK
2025-05-29 21:32:41,535 - httpx - INFO - HTTP Request: GET https://api.jsonbin.io/v3/b/682bbc1f8561e97a5017996e "HTTP/1.1 200 OK"
2025-05-29 21:32:41,538 - book_catalog - INFO - Создания книги: 'harry potter' | Хранилище: jsonbin
2025-05-29 21:32:42,623 - httpx - INFO - HTTP Request: GET https://api.jsonbin.io/v3/b/682bbc1f8561e97a5017996e "HTTP/1.1 200 OK"
2025-05-29 21:32:43,713 - httpx - INFO - HTTP Request: GET https://openlibrary.org/search.json?q=title%3Aharry+potter&limit=1 "HTTP/1.1 200 OK"
2025-05-29 21:32:44,792 - httpx - INFO - HTTP Request: GET https://openlibrary.org/works/OL82563W.json "HTTP/1.1 200 OK"
2025-05-29 21:32:45,766 - httpx - INFO - HTTP Request: GET https://api.jsonbin.io/v3/b/682bbc1f8561e97a5017996e "HTTP/1.1 200 OK"
2025-05-29 21:32:46,790 - httpx - INFO - HTTP Request: PUT https://api.jsonbin.io/v3/b/682bbc1f8561e97a5017996e "HTTP/1.1 200 OK"
2025-05-29 21:32:46,792 - book_catalog - INFO - Книга создана: {'id': 11, 'title': 'harry potter', 'author': 'J. K. Rowling', 'year': 1997, 'genre': 'Ph', 'pages': 1500, 'availability': <AvailabilityStatus.AVAILABLE: 'available'>, 'cover_url': 'https://covers.openlibrary.org/b/id/10521270-L.jpg', 'description': 'Harry Potter #1\r\n\r\nWhen mysterious letters start arriving on his doorstep, Harry Potter has never heard of Hogwarts School of Witchcraft and Wizardry.\r\n\r\nThey are swiftly confiscated by his aunt and uncle.\r\n\r\nThen, on Harry’s eleventh birthday, a strange man bursts in with some important news: Harry Potter is a wizard and has been awarded a place to study at Hogwarts.\r\n\r\nAnd so the first of the Harry Potter adventures is set to begin.\r\n([source][1])\r\n\r\n\r\n  [1]: https://www.jkrowling.com/book/harry-potter-philosophers-stone/'}
2025-05-29 21:32:55,979 - httpx - INFO - HTTP Request: GET https://api.jsonbin.io/v3/b/682bbc1f8561e97a5017996e "HTTP/1.1 200 OK"
2025-05-29 21:32:55,990 - book_catalog - INFO - Фильтрация title=None author=None genre=None limit=10 offset=0
2025-05-29 21:32:57,041 - httpx - INFO - HTTP Request: GET https://api.jsonbin.io/v3/b/682bbc1f8561e97a5017996e "HTTP/1.1 200 OK"
2025-05-29 21:32:57,044 - book_catalog - INFO - Получаем отфильтрованный список книг[{'id': 1, 'title': 'книга 1', 'author': 'Я', 'year': 2025, 'genre': 'python', 'pages': 300, 'availability': True}, {'id': 3, 'title': 'Книга проверка', 'author': 'ну я', 'genre': 'python', 'year': 2025, 'pages': 0, 'availability': 'available'}, {'id': 4, 'title': 'Толстый', 'author': 'Лев Толстой', 'genre': 'python', 'year': 1000, 'pages': 1000, 'availability': 'available'}, {'id': 5, 'title': 'проверка', 'author': 'проверка', 'genre': 'проверка'}, {'id': 6, 'title': 'проверка2', 'author': 'проверка2', 'genre': 'проверка'}, {'id': 7, 'title': 'string', 'author': 'string', 'genre': 'string'}, {'id': 8, 'title': 'Dune', 'author': 'Frank Herbert', 'year': 1965, 'genre': 'Science Fiction', 'pages': 412, 'cover_url': 'https://covers.openlibrary.org/b/id/11481354-L.jpg', 'description': 'Set on the desert planet Arrakis, Dune is the story of the boy Paul Atreides, heir to a noble family tasked with ruling an inhospitable world where the only thing of value is the "spice" melange, a drug capable of extending life and enhancing consciousness. Coveted across the known universe, melange is a prize worth killing for...\r\n\r\nWhen House Atreides is betrayed, the destruction of Paul\'s family will set the boy on a journey toward a destiny greater than he could ever have imagined. And as he evolves into the mysterious man known as Muad\'Dib, he will bring to fruition humankind\'s most ancient and unattainable dream.\r\n\r\nA stunning blend of adventure and mysticism, environmentalism and politics, Dune won the first Nebula Award, shared the Hugo Award, and formed the basis of what is undoubtedly the grandest epic in science fiction.'}, {'id': 9, 'title': 'harry potter', 'author': 'J. K. Rowling', 'year': 1997, 'genre': 'Ph', 'pages': 300, 'availability': 'available', 'cover_url': 'https://covers.openlibrary.org/b/id/10521270-L.jpg', 'description': 'Harry Potter #1\r\n\r\nWhen mysterious letters start arriving on his doorstep, Harry Potter has never heard of Hogwarts School of Witchcraft and Wizardry.\r\n\r\nThey are swiftly confiscated by his aunt and uncle.\r\n\r\nThen, on Harry’s eleventh birthday, a strange man bursts in with some important news: Harry Potter is a wizard and has been awarded a place to study at Hogwarts.\r\n\r\nAnd so the first of the Harry Potter adventures is set to begin.\r\n([source][1])\r\n\r\n\r\n  [1]: https://www.jkrowling.com/book/harry-potter-philosophers-stone/'}, {'id': 10, 'title': 'harry potter', 'author': 'J. K. Rowling', 'year': 1997, 'genre': 'Ph', 'pages': 300, 'availability': 'available', 'cover_url': 'https://covers.openlibrary.org/b/id/10521270-L.jpg', 'description': 'Harry Potter #1\r\n\r\nWhen mysterious letters start arriving on his doorstep, Harry Potter has never heard of Hogwarts School of Witchcraft and Wizardry.\r\n\r\nThey are swiftly confiscated by his aunt and uncle.\r\n\r\nThen, on Harry’s eleventh birthday, a strange man bursts in with some important news: Harry Potter is a wizard and has been awarded a place to study at Hogwarts.\r\n\r\nAnd so the first of the Harry Potter adventures is set to begin.\r\n([source][1])\r\n\r\n\r\n  [1]: https://www.jkrowling.com/book/harry-potter-philosophers-stone/'}, {'id': 11, 'title': 'harry potter', 'author': 'J. K. Rowling', 'year': 1997, 'genre': 'Ph', 'pages': 1500, 'availability': 'available', 'cover_url': 'https://covers.openlibrary.org/b/id/10521270-L.jpg', 'description': 'Harry Potter #1\r\n\r\nWhen mysterious letters start arriving on his doorstep, Harry Potter has never heard of Hogwarts School of Witchcraft and Wizardry.\r\n\r\nThey are swiftly confiscated by his aunt and uncle.\r\n\r\nThen, on Harry’s eleventh birthday, a strange man bursts in with some important news: Harry Potter is a wizard and has been awarded a place to study at Hogwarts.\r\n\r\nAnd so the first of the Harry Potter adventures is set to begin.\r\n([source][1])\r\n\r\n\r\n  [1]: https://www.jkrowling.com/book/harry-potter-philosophers-stone/'}]
2025-05-29 21:32:57,062 - book_catalog - CRITICAL - Необработанная ошибка: 7 validation errors:
  {'type': 'enum', 'loc': ('response', 0, 'availability'), 'msg': "Input should be 'available' or 'borrowed'", 'input': True, 'ctx': {'expected': "'available' or 'borrowed'"}}
  {'type': 'missing', 'loc': ('response', 3, 'year'), 'msg': 'Field required', 'input': {'id': 5, 'title': 'проверка', 'author': 'проверка', 'genre': 'проверка'}}
  {'type': 'missing', 'loc': ('response', 3, 'pages'), 'msg': 'Field required', 'input': {'id': 5, 'title': 'проверка', 'author': 'проверка', 'genre': 'проверка'}}
  {'type': 'missing', 'loc': ('response', 4, 'year'), 'msg': 'Field required', 'input': {'id': 6, 'title': 'проверка2', 'author': 'проверка2', 'genre': 'проверка'}}
  {'type': 'missing', 'loc': ('response', 4, 'pages'), 'msg': 'Field required', 'input': {'id': 6, 'title': 'проверка2', 'author': 'проверка2', 'genre': 'проверка'}}
  {'type': 'missing', 'loc': ('response', 5, 'year'), 'msg': 'Field required', 'input': {'id': 7, 'title': 'string', 'author': 'string', 'genre': 'string'}}
  {'type': 'missing', 'loc': ('response', 5, 'pages'), 'msg': 'Field required', 'input': {'id': 7, 'title': 'string', 'author': 'string', 'genre': 'string'}}
Traceback (most recent call last):
  File "C:\Python\library_catalog_2\venv\Lib\site-packages\starlette\middleware\errors.py", line 165, in __call__
    await self.app(scope, receive, _send)
  File "C:\Python\library_catalog_2\venv\Lib\site-packages\starlette\middleware\exceptions.py", line 62, in __call__
    await wrap_app_handling_exceptions(self.app, conn)(scope, receive, send)
  File "C:\Python\library_catalog_2\venv\Lib\site-packages\starlette\_exception_handler.py", line 53, in wrapped_app
    raise exc
  File "C:\Python\library_catalog_2\venv\Lib\site-packages\starlette\_exception_handler.py", line 42, in wrapped_app
    await app(scope, receive, sender)
  File "C:\Python\library_catalog_2\venv\Lib\site-packages\starlette\routing.py", line 714, in __call__
    await self.middleware_stack(scope, receive, send)
  File "C:\Python\library_catalog_2\venv\Lib\site-packages\starlette\routing.py", line 734, in app
    await route.handle(scope, receive, send)
  File "C:\Python\library_catalog_2\venv\Lib\site-packages\starlette\routing.py", line 288, in handle
    await self.app(scope, receive, send)
  File "C:\Python\library_catalog_2\venv\Lib\site-packages\starlette\routing.py", line 76, in app
    await wrap_app_handling_exceptions(app, request)(scope, receive, send)
  File "C:\Python\library_catalog_2\venv\Lib\site-packages\starlette\_exception_handler.py", line 53, in wrapped_app
    raise exc
  File "C:\Python\library_catalog_2\venv\Lib\site-packages\starlette\_exception_handler.py", line 42, in wrapped_app
    await app(scope, receive, sender)
  File "C:\Python\library_catalog_2\venv\Lib\site-packages\starlette\routing.py", line 73, in app
    response = await f(request)
               ^^^^^^^^^^^^^^^^
  File "C:\Python\library_catalog_2\venv\Lib\site-packages\fastapi\routing.py", line 327, in app
    content = await serialize_response(
              ^^^^^^^^^^^^^^^^^^^^^^^^^
  File "C:\Python\library_catalog_2\venv\Lib\site-packages\fastapi\routing.py", line 176, in serialize_response
    raise ResponseValidationError(
fastapi.exceptions.ResponseValidationError: 7 validation errors:
  {'type': 'enum', 'loc': ('response', 0, 'availability'), 'msg': "Input should be 'available' or 'borrowed'", 'input': True, 'ctx': {'expected': "'available' or 'borrowed'"}}
  {'type': 'missing', 'loc': ('response', 3, 'year'), 'msg': 'Field required', 'input': {'id': 5, 'title': 'проверка', 'author': 'проверка', 'genre': 'проверка'}}
  {'type': 'missing', 'loc': ('response', 3, 'pages'), 'msg': 'Field required', 'input': {'id': 5, 'title': 'проверка', 'author': 'проверка', 'genre': 'проверка'}}
  {'type': 'missing', 'loc': ('response', 4, 'year'), 'msg': 'Field required', 'input': {'id': 6, 'title': 'проверка2', 'author': 'проверка2', 'genre': 'проверка'}}
  {'type': 'missing', 'loc': ('response', 4, 'pages'), 'msg': 'Field required', 'input': {'id': 6, 'title': 'проверка2', 'author': 'проверка2', 'genre': 'проверка'}}
  {'type': 'missing', 'loc': ('response', 5, 'year'), 'msg': 'Field required', 'input': {'id': 7, 'title': 'string', 'author': 'string', 'genre': 'string'}}
  {'type': 'missing', 'loc': ('response', 5, 'pages'), 'msg': 'Field required', 'input': {'id': 7, 'title': 'string', 'author': 'string', 'genre': 'string'}}

2025-05-29 21:33:29,212 - httpx - INFO - HTTP Request: GET https://api.jsonbin.io/v3/b/682bbc1f8561e97a5017996e "HTTP/1.1 200 OK"
2025-05-29 21:33:29,349 - book_catalog - INFO - Фильтрация title=None author=None genre=None limit=11 offset=0
2025-05-29 21:33:30,433 - httpx - INFO - HTTP Request: GET https://api.jsonbin.io/v3/b/682bbc1f8561e97a5017996e "HTTP/1.1 200 OK"
2025-05-29 21:33:30,438 - book_catalog - INFO - Получаем отфильтрованный список книг[{'id': 1, 'title': 'книга 1', 'author': 'Я', 'year': 2025, 'genre': 'python', 'pages': 300, 'availability': True}, {'id': 3, 'title': 'Книга проверка', 'author': 'ну я', 'genre': 'python', 'year': 2025, 'pages': 0, 'availability': 'available'}, {'id': 4, 'title': 'Толстый', 'author': 'Лев Толстой', 'genre': 'python', 'year': 1000, 'pages': 1000, 'availability': 'available'}, {'id': 5, 'title': 'проверка', 'author': 'проверка', 'genre': 'проверка'}, {'id': 6, 'title': 'проверка2', 'author': 'проверка2', 'genre': 'проверка'}, {'id': 7, 'title': 'string', 'author': 'string', 'genre': 'string'}, {'id': 8, 'title': 'Dune', 'author': 'Frank Herbert', 'year': 1965, 'genre': 'Science Fiction', 'pages': 412, 'cover_url': 'https://covers.openlibrary.org/b/id/11481354-L.jpg', 'description': 'Set on the desert planet Arrakis, Dune is the story of the boy Paul Atreides, heir to a noble family tasked with ruling an inhospitable world where the only thing of value is the "spice" melange, a drug capable of extending life and enhancing consciousness. Coveted across the known universe, melange is a prize worth killing for...\r\n\r\nWhen House Atreides is betrayed, the destruction of Paul\'s family will set the boy on a journey toward a destiny greater than he could ever have imagined. And as he evolves into the mysterious man known as Muad\'Dib, he will bring to fruition humankind\'s most ancient and unattainable dream.\r\n\r\nA stunning blend of adventure and mysticism, environmentalism and politics, Dune won the first Nebula Award, shared the Hugo Award, and formed the basis of what is undoubtedly the grandest epic in science fiction.'}, {'id': 9, 'title': 'harry potter', 'author': 'J. K. Rowling', 'year': 1997, 'genre': 'Ph', 'pages': 300, 'availability': 'available', 'cover_url': 'https://covers.openlibrary.org/b/id/10521270-L.jpg', 'description': 'Harry Potter #1\r\n\r\nWhen mysterious letters start arriving on his doorstep, Harry Potter has never heard of Hogwarts School of Witchcraft and Wizardry.\r\n\r\nThey are swiftly confiscated by his aunt and uncle.\r\n\r\nThen, on Harry’s eleventh birthday, a strange man bursts in with some important news: Harry Potter is a wizard and has been awarded a place to study at Hogwarts.\r\n\r\nAnd so the first of the Harry Potter adventures is set to begin.\r\n([source][1])\r\n\r\n\r\n  [1]: https://www.jkrowling.com/book/harry-potter-philosophers-stone/'}, {'id': 10, 'title': 'harry potter', 'author': 'J. K. Rowling', 'year': 1997, 'genre': 'Ph', 'pages': 300, 'availability': 'available', 'cover_url': 'https://covers.openlibrary.org/b/id/10521270-L.jpg', 'description': 'Harry Potter #1\r\n\r\nWhen mysterious letters start arriving on his doorstep, Harry Potter has never heard of Hogwarts School of Witchcraft and Wizardry.\r\n\r\nThey are swiftly confiscated by his aunt and uncle.\r\n\r\nThen, on Harry’s eleventh birthday, a strange man bursts in with some important news: Harry Potter is a wizard and has been awarded a place to study at Hogwarts.\r\n\r\nAnd so the first of the Harry Potter adventures is set to begin.\r\n([source][1])\r\n\r\n\r\n  [1]: https://www.jkrowling.com/book/harry-potter-philosophers-stone/'}, {'id': 11, 'title': 'harry potter', 'author': 'J. K. Rowling', 'year': 1997, 'genre': 'Ph', 'pages': 1500, 'availability': 'available', 'cover_url': 'https://covers.openlibrary.org/b/id/10521270-L.jpg', 'description': 'Harry Potter #1\r\n\r\nWhen mysterious letters start arriving on his doorstep, Harry Potter has never heard of Hogwarts School of Witchcraft and Wizardry.\r\n\r\nThey are swiftly confiscated by his aunt and uncle.\r\n\r\nThen, on Harry’s eleventh birthday, a strange man bursts in with some important news: Harry Potter is a wizard and has been awarded a place to study at Hogwarts.\r\n\r\nAnd so the first of the Harry Potter adventures is set to begin.\r\n([source][1])\r\n\r\n\r\n  [1]: https://www.jkrowling.com/book/harry-potter-philosophers-stone/'}]
2025-05-29 21:33:30,447 - book_catalog - CRITICAL - Необработанная ошибка: 7 validation errors:
  {'type': 'enum', 'loc': ('response', 0, 'availability'), 'msg': "Input should be 'available' or 'borrowed'", 'input': True, 'ctx': {'expected': "'available' or 'borrowed'"}}
  {'type': 'missing', 'loc': ('response', 3, 'year'), 'msg': 'Field required', 'input': {'id': 5, 'title': 'проверка', 'author': 'проверка', 'genre': 'проверка'}}
  {'type': 'missing', 'loc': ('response', 3, 'pages'), 'msg': 'Field required', 'input': {'id': 5, 'title': 'проверка', 'author': 'проверка', 'genre': 'проверка'}}
  {'type': 'missing', 'loc': ('response', 4, 'year'), 'msg': 'Field required', 'input': {'id': 6, 'title': 'проверка2', 'author': 'проверка2', 'genre': 'проверка'}}
  {'type': 'missing', 'loc': ('response', 4, 'pages'), 'msg': 'Field required', 'input': {'id': 6, 'title': 'проверка2', 'author': 'проверка2', 'genre': 'проверка'}}
  {'type': 'missing', 'loc': ('response', 5, 'year'), 'msg': 'Field required', 'input': {'id': 7, 'title': 'string', 'author': 'string', 'genre': 'string'}}
  {'type': 'missing', 'loc': ('response', 5, 'pages'), 'msg': 'Field required', 'input': {'id': 7, 'title': 'string', 'author': 'string', 'genre': 'string'}}
Traceback (most recent call last):
  File "C:\Python\library_catalog_2\venv\Lib\site-packages\starlette\middleware\errors.py", line 165, in __call__
    await self.app(scope, receive, _send)
  File "C:\Python\library_catalog_2\venv\Lib\site-packages\starlette\middleware\exceptions.py", line 62, in __call__
    await wrap_app_handling_exceptions(self.app, conn)(scope, receive, send)
  File "C:\Python\library_catalog_2\venv\Lib\site-packages\starlette\_exception_handler.py", line 53, in wrapped_app
    raise exc
  File "C:\Python\library_catalog_2\venv\Lib\site-packages\starlette\_exception_handler.py", line 42, in wrapped_app
    await app(scope, receive, sender)
  File "C:\Python\library_catalog_2\venv\Lib\site-packages\starlette\routing.py", line 714, in __call__
    await self.middleware_stack(scope, receive, send)
  File "C:\Python\library_catalog_2\venv\Lib\site-packages\starlette\routing.py", line 734, in app
    await route.handle(scope, receive, send)
  File "C:\Python\library_catalog_2\venv\Lib\site-packages\starlette\routing.py", line 288, in handle
    await self.app(scope, receive, send)
  File "C:\Python\library_catalog_2\venv\Lib\site-packages\starlette\routing.py", line 76, in app
    await wrap_app_handling_exceptions(app, request)(scope, receive, send)
  File "C:\Python\library_catalog_2\venv\Lib\site-packages\starlette\_exception_handler.py", line 53, in wrapped_app
    raise exc
  File "C:\Python\library_catalog_2\venv\Lib\site-packages\starlette\_exception_handler.py", line 42, in wrapped_app
    await app(scope, receive, sender)
  File "C:\Python\library_catalog_2\venv\Lib\site-packages\starlette\routing.py", line 73, in app
    response = await f(request)
               ^^^^^^^^^^^^^^^^
  File "C:\Python\library_catalog_2\venv\Lib\site-packages\fastapi\routing.py", line 327, in app
    content = await serialize_response(
              ^^^^^^^^^^^^^^^^^^^^^^^^^
  File "C:\Python\library_catalog_2\venv\Lib\site-packages\fastapi\routing.py", line 176, in serialize_response
    raise ResponseValidationError(
fastapi.exceptions.ResponseValidationError: 7 validation errors:
  {'type': 'enum', 'loc': ('response', 0, 'availability'), 'msg': "Input should be 'available' or 'borrowed'", 'input': True, 'ctx': {'expected': "'available' or 'borrowed'"}}
  {'type': 'missing', 'loc': ('response', 3, 'year'), 'msg': 'Field required', 'input': {'id': 5, 'title': 'проверка', 'author': 'проверка', 'genre': 'проверка'}}
  {'type': 'missing', 'loc': ('response', 3, 'pages'), 'msg': 'Field required', 'input': {'id': 5, 'title': 'проверка', 'author': 'проверка', 'genre': 'проверка'}}
  {'type': 'missing', 'loc': ('response', 4, 'year'), 'msg': 'Field required', 'input': {'id': 6, 'title': 'проверка2', 'author': 'проверка2', 'genre': 'проверка'}}
  {'type': 'missing', 'loc': ('response', 4, 'pages'), 'msg': 'Field required', 'input': {'id': 6, 'title': 'проверка2', 'author': 'проверка2', 'genre': 'проверка'}}
  {'type': 'missing', 'loc': ('response', 5, 'year'), 'msg': 'Field required', 'input': {'id': 7, 'title': 'string', 'author': 'string', 'genre': 'string'}}
  {'type': 'missing', 'loc': ('response', 5, 'pages'), 'msg': 'Field required', 'input': {'id': 7, 'title': 'string', 'author': 'string', 'genre': 'string'}}

2025-05-29 21:33:44,266 - book_catalog - INFO - Поиск книги по ID: 11
2025-05-29 21:33:45,318 - httpx - INFO - HTTP Request: GET https://api.jsonbin.io/v3/b/682bbc1f8561e97a5017996e "HTTP/1.1 200 OK"
2025-05-29 21:33:45,324 - book_catalog - INFO - Получаем книгу по ID: {'id': 11, 'title': 'harry potter', 'author': 'J. K. Rowling', 'year': 1997, 'genre': 'Ph', 'pages': 1500, 'availability': 'available', 'cover_url': 'https://covers.openlibrary.org/b/id/10521270-L.jpg', 'description': 'Harry Potter #1\r\n\r\nWhen mysterious letters start arriving on his doorstep, Harry Potter has never heard of Hogwarts School of Witchcraft and Wizardry.\r\n\r\nThey are swiftly confiscated by his aunt and uncle.\r\n\r\nThen, on Harry’s eleventh birthday, a strange man bursts in with some important news: Harry Potter is a wizard and has been awarded a place to study at Hogwarts.\r\n\r\nAnd so the first of the Harry Potter adventures is set to begin.\r\n([source][1])\r\n\r\n\r\n  [1]: https://www.jkrowling.com/book/harry-potter-philosophers-stone/'}
2025-05-29 21:34:13,444 - httpx - INFO - HTTP Request: GET https://api.jsonbin.io/v3/b/682bbc1f8561e97a5017996e "HTTP/1.1 200 OK"
2025-05-29 21:34:13,464 - book_catalog - INFO - Фильтрация title='harry potter' author=None genre=None limit=10 offset=0
2025-05-29 21:34:14,498 - httpx - INFO - HTTP Request: GET https://api.jsonbin.io/v3/b/682bbc1f8561e97a5017996e "HTTP/1.1 200 OK"
2025-05-29 21:34:14,503 - book_catalog - INFO - Получаем отфильтрованный список книг[{'id': 9, 'title': 'harry potter', 'author': 'J. K. Rowling', 'year': 1997, 'genre': 'Ph', 'pages': 300, 'availability': 'available', 'cover_url': 'https://covers.openlibrary.org/b/id/10521270-L.jpg', 'description': 'Harry Potter #1\r\n\r\nWhen mysterious letters start arriving on his doorstep, Harry Potter has never heard of Hogwarts School of Witchcraft and Wizardry.\r\n\r\nThey are swiftly confiscated by his aunt and uncle.\r\n\r\nThen, on Harry’s eleventh birthday, a strange man bursts in with some important news: Harry Potter is a wizard and has been awarded a place to study at Hogwarts.\r\n\r\nAnd so the first of the Harry Potter adventures is set to begin.\r\n([source][1])\r\n\r\n\r\n  [1]: https://www.jkrowling.com/book/harry-potter-philosophers-stone/'}, {'id': 10, 'title': 'harry potter', 'author': 'J. K. Rowling', 'year': 1997, 'genre': 'Ph', 'pages': 300, 'availability': 'available', 'cover_url': 'https://covers.openlibrary.org/b/id/10521270-L.jpg', 'description': 'Harry Potter #1\r\n\r\nWhen mysterious letters start arriving on his doorstep, Harry Potter has never heard of Hogwarts School of Witchcraft and Wizardry.\r\n\r\nThey are swiftly confiscated by his aunt and uncle.\r\n\r\nThen, on Harry’s eleventh birthday, a strange man bursts in with some important news: Harry Potter is a wizard and has been awarded a place to study at Hogwarts.\r\n\r\nAnd so the first of the Harry Potter adventures is set to begin.\r\n([source][1])\r\n\r\n\r\n  [1]: https://www.jkrowling.com/book/harry-potter-philosophers-stone/'}, {'id': 11, 'title': 'harry potter', 'author': 'J. K. Rowling', 'year': 1997, 'genre': 'Ph', 'pages': 1500, 'availability': 'available', 'cover_url': 'https://covers.openlibrary.org/b/id/10521270-L.jpg', 'description': 'Harry Potter #1\r\n\r\nWhen mysterious letters start arriving on his doorstep, Harry Potter has never heard of Hogwarts School of Witchcraft and Wizardry.\r\n\r\nThey are swiftly confiscated by his aunt and uncle.\r\n\r\nThen, on Harry’s eleventh birthday, a strange man bursts in with some important news: Harry Potter is a wizard and has been awarded a place to study at Hogwarts.\r\n\r\nAnd so the first of the Harry Potter adventures is set to begin.\r\n([source][1])\r\n\r\n\r\n  [1]: https://www.jkrowling.com/book/harry-potter-philosophers-stone/'}]
2025-05-29 21:35:32,510 - sqlalchemy.engine.Engine - INFO - select pg_catalog.version()
2025-05-29 21:35:32,510 - sqlalchemy.engine.Engine - INFO - [raw sql] ()
2025-05-29 21:35:32,512 - sqlalchemy.engine.Engine - INFO - select current_schema()
2025-05-29 21:35:32,513 - sqlalchemy.engine.Engine - INFO - [raw sql] ()
2025-05-29 21:35:32,514 - sqlalchemy.engine.Engine - INFO - show standard_conforming_strings
2025-05-29 21:35:32,515 - sqlalchemy.engine.Engine - INFO - [raw sql] ()
2025-05-29 21:35:32,516 - sqlalchemy.engine.Engine - INFO - BEGIN (implicit)
2025-05-29 21:35:32,520 - sqlalchemy.engine.Engine - INFO - SELECT pg_catalog.pg_class.relname 
FROM pg_catalog.pg_class JOIN pg_catalog.pg_namespace ON pg_catalog.pg_namespace.oid = pg_catalog.pg_class.relnamespace 
WHERE pg_catalog.pg_class.relname = $1::VARCHAR AND pg_catalog.pg_class.relkind = ANY (ARRAY[$2::VARCHAR, $3::VARCHAR, $4::VARCHAR, $5::VARCHAR, $6::VARCHAR]) AND pg_catalog.pg_table_is_visible(pg_catalog.pg_class.oid) AND pg_catalog.pg_namespace.nspname != $7::VARCHAR
2025-05-29 21:35:32,521 - sqlalchemy.engine.Engine - INFO - [generated in 0.00130s] ('books', 'r', 'p', 'f', 'v', 'm', 'pg_catalog')
2025-05-29 21:35:32,525 - sqlalchemy.engine.Engine - INFO - 
DROP TABLE books
2025-05-29 21:35:32,526 - sqlalchemy.engine.Engine - INFO - [no key 0.00065s] ()
2025-05-29 21:35:32,530 - sqlalchemy.engine.Engine - INFO - SELECT pg_catalog.pg_class.relname 
FROM pg_catalog.pg_class JOIN pg_catalog.pg_namespace ON pg_catalog.pg_namespace.oid = pg_catalog.pg_class.relnamespace 
WHERE pg_catalog.pg_class.relname = $1::VARCHAR AND pg_catalog.pg_class.relkind = ANY (ARRAY[$2::VARCHAR, $3::VARCHAR, $4::VARCHAR, $5::VARCHAR, $6::VARCHAR]) AND pg_catalog.pg_table_is_visible(pg_catalog.pg_class.oid) AND pg_catalog.pg_namespace.nspname != $7::VARCHAR
2025-05-29 21:35:32,531 - sqlalchemy.engine.Engine - INFO - [cached since 0.01131s ago] ('books', 'r', 'p', 'f', 'v', 'm', 'pg_catalog')
2025-05-29 21:35:32,533 - sqlalchemy.engine.Engine - INFO - 
CREATE TABLE books (
	id SERIAL NOT NULL, 
	title VARCHAR NOT NULL, 
	author VARCHAR NOT NULL, 
	year INTEGER NOT NULL, 
	genre VARCHAR NOT NULL, 
	pages INTEGER NOT NULL, 
	availability VARCHAR(20) NOT NULL, 
	cover_url VARCHAR, 
	description VARCHAR, 
	PRIMARY KEY (id)
)


2025-05-29 21:35:32,535 - sqlalchemy.engine.Engine - INFO - [no key 0.00200s] ()
2025-05-29 21:35:32,546 - sqlalchemy.engine.Engine - INFO - CREATE INDEX ix_books_id ON books (id)
2025-05-29 21:35:32,547 - sqlalchemy.engine.Engine - INFO - [no key 0.00058s] ()
2025-05-29 21:35:32,552 - sqlalchemy.engine.Engine - INFO - COMMENT ON COLUMN books.title IS 'Наименование книги'
2025-05-29 21:35:32,552 - sqlalchemy.engine.Engine - INFO - [no key 0.00076s] ()
2025-05-29 21:35:32,554 - sqlalchemy.engine.Engine - INFO - COMMENT ON COLUMN books.author IS 'Имя автора'
2025-05-29 21:35:32,555 - sqlalchemy.engine.Engine - INFO - [no key 0.00060s] ()
2025-05-29 21:35:32,556 - sqlalchemy.engine.Engine - INFO - COMMENT ON COLUMN books.year IS 'Год издания книги'
2025-05-29 21:35:32,556 - sqlalchemy.engine.Engine - INFO - [no key 0.00046s] ()
2025-05-29 21:35:32,557 - sqlalchemy.engine.Engine - INFO - COMMENT ON COLUMN books.genre IS 'Жанр книги'
2025-05-29 21:35:32,558 - sqlalchemy.engine.Engine - INFO - [no key 0.00064s] ()
2025-05-29 21:35:32,559 - sqlalchemy.engine.Engine - INFO - COMMENT ON COLUMN books.pages IS 'Количество страниц книги'
2025-05-29 21:35:32,560 - sqlalchemy.engine.Engine - INFO - [no key 0.00046s] ()
2025-05-29 21:35:32,561 - sqlalchemy.engine.Engine - INFO - COMMENT ON COLUMN books.availability IS 'Статус доступности'
2025-05-29 21:35:32,561 - sqlalchemy.engine.Engine - INFO - [no key 0.00044s] ()
2025-05-29 21:35:32,562 - sqlalchemy.engine.Engine - INFO - COMMENT ON COLUMN books.cover_url IS 'Ссылка на обложку'
2025-05-29 21:35:32,562 - sqlalchemy.engine.Engine - INFO - [no key 0.00044s] ()
2025-05-29 21:35:32,563 - sqlalchemy.engine.Engine - INFO - COMMENT ON COLUMN books.description IS 'Описание книги'
2025-05-29 21:35:32,564 - sqlalchemy.engine.Engine - INFO - [no key 0.00047s] ()
2025-05-29 21:35:32,565 - sqlalchemy.engine.Engine - INFO - COMMIT
