2025-05-27 22:47:40,251 - sqlalchemy.engine.Engine - INFO - select pg_catalog.version()
2025-05-27 22:47:40,251 - sqlalchemy.engine.Engine - INFO - [raw sql] ()
2025-05-27 22:47:40,255 - sqlalchemy.engine.Engine - INFO - select current_schema()
2025-05-27 22:47:40,256 - sqlalchemy.engine.Engine - INFO - [raw sql] ()
2025-05-27 22:47:40,260 - sqlalchemy.engine.Engine - INFO - show standard_conforming_strings
2025-05-27 22:47:40,261 - sqlalchemy.engine.Engine - INFO - [raw sql] ()
2025-05-27 22:47:40,264 - sqlalchemy.engine.Engine - INFO - BEGIN (implicit)
2025-05-27 22:47:40,269 - sqlalchemy.engine.Engine - INFO - SELECT pg_catalog.pg_class.relname 
FROM pg_catalog.pg_class JOIN pg_catalog.pg_namespace ON pg_catalog.pg_namespace.oid = pg_catalog.pg_class.relnamespace 
WHERE pg_catalog.pg_class.relname = $1::VARCHAR AND pg_catalog.pg_class.relkind = ANY (ARRAY[$2::VARCHAR, $3::VARCHAR, $4::VARCHAR, $5::VARCHAR, $6::VARCHAR]) AND pg_catalog.pg_table_is_visible(pg_catalog.pg_class.oid) AND pg_catalog.pg_namespace.nspname != $7::VARCHAR
2025-05-27 22:47:40,270 - sqlalchemy.engine.Engine - INFO - [generated in 0.00131s] ('books', 'r', 'p', 'f', 'v', 'm', 'pg_catalog')
2025-05-27 22:47:40,283 - sqlalchemy.engine.Engine - INFO - 
DROP TABLE books
2025-05-27 22:47:40,284 - sqlalchemy.engine.Engine - INFO - [no key 0.00061s] ()
2025-05-27 22:47:40,307 - sqlalchemy.engine.Engine - INFO - SELECT pg_catalog.pg_class.relname 
FROM pg_catalog.pg_class JOIN pg_catalog.pg_namespace ON pg_catalog.pg_namespace.oid = pg_catalog.pg_class.relnamespace 
WHERE pg_catalog.pg_class.relname = $1::VARCHAR AND pg_catalog.pg_class.relkind = ANY (ARRAY[$2::VARCHAR, $3::VARCHAR, $4::VARCHAR, $5::VARCHAR, $6::VARCHAR]) AND pg_catalog.pg_table_is_visible(pg_catalog.pg_class.oid) AND pg_catalog.pg_namespace.nspname != $7::VARCHAR
2025-05-27 22:47:40,308 - sqlalchemy.engine.Engine - INFO - [cached since 0.0391s ago] ('books', 'r', 'p', 'f', 'v', 'm', 'pg_catalog')
2025-05-27 22:47:40,309 - sqlalchemy.engine.Engine - INFO - 
CREATE TABLE books (
	id SERIAL NOT NULL, 
	title VARCHAR NOT NULL, 
	author VARCHAR NOT NULL, 
	year INTEGER NOT NULL, 
	genre VARCHAR NOT NULL, 
	pages INTEGER NOT NULL, 
	cover_url VARCHAR, 
	description VARCHAR, 
	PRIMARY KEY (id)
)


2025-05-27 22:47:40,312 - sqlalchemy.engine.Engine - INFO - [no key 0.00227s] ()
2025-05-27 22:47:40,342 - sqlalchemy.engine.Engine - INFO - CREATE INDEX ix_books_id ON books (id)
2025-05-27 22:47:40,342 - sqlalchemy.engine.Engine - INFO - [no key 0.00048s] ()
2025-05-27 22:47:40,347 - sqlalchemy.engine.Engine - INFO - COMMIT
2025-05-27 22:58:06,465 - sqlalchemy.engine.Engine - INFO - select pg_catalog.version()
2025-05-27 22:58:06,465 - sqlalchemy.engine.Engine - INFO - [raw sql] ()
2025-05-27 22:58:06,468 - sqlalchemy.engine.Engine - INFO - select current_schema()
2025-05-27 22:58:06,468 - sqlalchemy.engine.Engine - INFO - [raw sql] ()
2025-05-27 22:58:06,470 - sqlalchemy.engine.Engine - INFO - show standard_conforming_strings
2025-05-27 22:58:06,470 - sqlalchemy.engine.Engine - INFO - [raw sql] ()
2025-05-27 22:58:06,471 - sqlalchemy.engine.Engine - INFO - BEGIN (implicit)
2025-05-27 22:58:06,476 - sqlalchemy.engine.Engine - INFO - SELECT pg_catalog.pg_class.relname 
FROM pg_catalog.pg_class JOIN pg_catalog.pg_namespace ON pg_catalog.pg_namespace.oid = pg_catalog.pg_class.relnamespace 
WHERE pg_catalog.pg_class.relname = $1::VARCHAR AND pg_catalog.pg_class.relkind = ANY (ARRAY[$2::VARCHAR, $3::VARCHAR, $4::VARCHAR, $5::VARCHAR, $6::VARCHAR]) AND pg_catalog.pg_table_is_visible(pg_catalog.pg_class.oid) AND pg_catalog.pg_namespace.nspname != $7::VARCHAR
2025-05-27 22:58:06,477 - sqlalchemy.engine.Engine - INFO - [generated in 0.00097s] ('books', 'r', 'p', 'f', 'v', 'm', 'pg_catalog')
2025-05-27 22:58:06,480 - sqlalchemy.engine.Engine - INFO - 
DROP TABLE books
2025-05-27 22:58:06,481 - sqlalchemy.engine.Engine - INFO - [no key 0.00065s] ()
2025-05-27 22:58:06,485 - sqlalchemy.engine.Engine - INFO - SELECT pg_catalog.pg_class.relname 
FROM pg_catalog.pg_class JOIN pg_catalog.pg_namespace ON pg_catalog.pg_namespace.oid = pg_catalog.pg_class.relnamespace 
WHERE pg_catalog.pg_class.relname = $1::VARCHAR AND pg_catalog.pg_class.relkind = ANY (ARRAY[$2::VARCHAR, $3::VARCHAR, $4::VARCHAR, $5::VARCHAR, $6::VARCHAR]) AND pg_catalog.pg_table_is_visible(pg_catalog.pg_class.oid) AND pg_catalog.pg_namespace.nspname != $7::VARCHAR
2025-05-27 22:58:06,486 - sqlalchemy.engine.Engine - INFO - [cached since 0.01076s ago] ('books', 'r', 'p', 'f', 'v', 'm', 'pg_catalog')
2025-05-27 22:58:06,488 - sqlalchemy.engine.Engine - INFO - 
CREATE TABLE books (
	id SERIAL NOT NULL, 
	title VARCHAR NOT NULL, 
	author VARCHAR NOT NULL, 
	year INTEGER NOT NULL, 
	genre VARCHAR NOT NULL, 
	pages INTEGER NOT NULL, 
	cover_url VARCHAR, 
	description VARCHAR, 
	PRIMARY KEY (id)
)


2025-05-27 22:58:06,490 - sqlalchemy.engine.Engine - INFO - [no key 0.00168s] ()
2025-05-27 22:58:06,505 - sqlalchemy.engine.Engine - INFO - CREATE INDEX ix_books_id ON books (id)
2025-05-27 22:58:06,506 - sqlalchemy.engine.Engine - INFO - [no key 0.00052s] ()
2025-05-27 22:58:06,510 - sqlalchemy.engine.Engine - INFO - COMMIT
2025-05-27 22:59:07,748 - httpx - INFO - HTTP Request: GET https://api.jsonbin.io/v3/b/682bbc1f8561e97a5017996e "HTTP/1.1 200 OK"
2025-05-27 22:59:07,765 - book_catalog - INFO - Создания книги: 'harry potter' | Хранилище: postgres
2025-05-27 22:59:09,848 - httpx - INFO - HTTP Request: GET https://openlibrary.org/search.json?q=title%3Aharry+potter&limit=1 "HTTP/1.1 200 OK"
2025-05-27 22:59:12,469 - httpx - INFO - HTTP Request: GET https://openlibrary.org/works/OL82563W.json "HTTP/1.1 200 OK"
2025-05-27 22:59:12,484 - sqlalchemy.engine.Engine - INFO - BEGIN (implicit)
2025-05-27 22:59:12,487 - sqlalchemy.engine.Engine - INFO - INSERT INTO books (title, author, year, genre, pages, cover_url, description) VALUES ($1::VARCHAR, $2::VARCHAR, $3::INTEGER, $4::VARCHAR, $5::INTEGER, $6::VARCHAR, $7::VARCHAR) RETURNING books.id
2025-05-27 22:59:12,488 - sqlalchemy.engine.Engine - INFO - [generated in 0.00112s] ('harry potter', 'J.K', 1997, 'Ph', 3000, 'https://covers.openlibrary.org/b/id/10521270-L.jpg', 'Harry Potter #1\r\n\r\nWhen mysterious letters start arriving on his doorstep, Harry Potter has never heard of Hogwarts School of Witchcraft and Wiza ... (255 characters truncated) ... st of the Harry Potter adventures is set to begin.\r\n([source][1])\r\n\r\n\r\n  [1]: https://www.jkrowling.com/book/harry-potter-philosophers-stone/')
2025-05-27 22:59:12,496 - sqlalchemy.engine.Engine - INFO - COMMIT
2025-05-27 22:59:12,499 - sqlalchemy.engine.Engine - INFO - BEGIN (implicit)
2025-05-27 22:59:12,503 - sqlalchemy.engine.Engine - INFO - SELECT books.id, books.title, books.author, books.year, books.genre, books.pages, books.cover_url, books.description 
FROM books 
WHERE books.id = $1::INTEGER
2025-05-27 22:59:12,504 - sqlalchemy.engine.Engine - INFO - [generated in 0.00117s] (1,)
2025-05-27 22:59:12,508 - book_catalog - INFO - Книга создана: <models.books.BookRepository object at 0x00000250E083BB90>
2025-05-27 22:59:12,508 - sqlalchemy.engine.Engine - INFO - ROLLBACK
2025-05-27 22:59:23,145 - book_catalog - INFO - Фильтрация title=None author=None genre=None limit=10 offset=0
2025-05-27 22:59:23,146 - sqlalchemy.engine.Engine - INFO - BEGIN (implicit)
2025-05-27 22:59:23,148 - sqlalchemy.engine.Engine - INFO - SELECT books.id, books.title, books.author, books.year, books.genre, books.pages, books.cover_url, books.description 
FROM books 
 LIMIT $1::INTEGER
2025-05-27 22:59:23,149 - sqlalchemy.engine.Engine - INFO - [generated in 0.00095s] (10,)
2025-05-27 22:59:23,150 - book_catalog - INFO - Получаем отфильтрованный список книг[<models.books.BookRepository object at 0x00000250E0875460>]
2025-05-27 22:59:23,151 - sqlalchemy.engine.Engine - INFO - ROLLBACK
2025-05-27 22:59:31,316 - httpx - INFO - HTTP Request: GET https://api.jsonbin.io/v3/b/682bbc1f8561e97a5017996e "HTTP/1.1 200 OK"
2025-05-27 22:59:31,318 - book_catalog - INFO - Создания книги: 'harry potter' | Хранилище: jsonbin
2025-05-27 22:59:32,470 - httpx - INFO - HTTP Request: GET https://api.jsonbin.io/v3/b/682bbc1f8561e97a5017996e "HTTP/1.1 200 OK"
2025-05-27 22:59:34,030 - httpx - INFO - HTTP Request: GET https://openlibrary.org/search.json?q=title%3Aharry+potter&limit=1 "HTTP/1.1 200 OK"
2025-05-27 22:59:36,466 - httpx - INFO - HTTP Request: GET https://openlibrary.org/works/OL82563W.json "HTTP/1.1 200 OK"
2025-05-27 22:59:38,204 - httpx - INFO - HTTP Request: GET https://api.jsonbin.io/v3/b/682bbc1f8561e97a5017996e "HTTP/1.1 200 OK"
2025-05-27 22:59:40,049 - httpx - INFO - HTTP Request: PUT https://api.jsonbin.io/v3/b/682bbc1f8561e97a5017996e "HTTP/1.1 200 OK"
2025-05-27 22:59:40,052 - book_catalog - INFO - Книга создана: {'id': 12, 'title': 'harry potter', 'author': 'J. K. Rowling', 'year': 1997, 'genre': 'Ph', 'pages': 3000, 'availability': <AvailabilityStatus.AVAILABLE: 'available'>, 'cover_url': 'https://covers.openlibrary.org/b/id/10521270-L.jpg', 'description': 'Harry Potter #1\r\n\r\nWhen mysterious letters start arriving on his doorstep, Harry Potter has never heard of Hogwarts School of Witchcraft and Wizardry.\r\n\r\nThey are swiftly confiscated by his aunt and uncle.\r\n\r\nThen, on Harry’s eleventh birthday, a strange man bursts in with some important news: Harry Potter is a wizard and has been awarded a place to study at Hogwarts.\r\n\r\nAnd so the first of the Harry Potter adventures is set to begin.\r\n([source][1])\r\n\r\n\r\n  [1]: https://www.jkrowling.com/book/harry-potter-philosophers-stone/'}
2025-05-27 23:00:10,649 - book_catalog - INFO - Фильтрация title=None author=None genre=None limit=10 offset=0
2025-05-27 23:00:11,865 - httpx - INFO - HTTP Request: GET https://api.jsonbin.io/v3/b/682bbc1f8561e97a5017996e "HTTP/1.1 200 OK"
2025-05-27 23:00:11,867 - book_catalog - INFO - Получаем отфильтрованный список книг[{'id': 1, 'title': 'книга 1', 'author': 'Я', 'year': 2025, 'genre': 'python', 'pages': 300, 'availability': True}, {'id': 3, 'title': 'Книга проверка', 'author': 'ну я', 'genre': 'python', 'year': 2025, 'pages': 0, 'availability': 'available'}, {'id': 4, 'title': 'Толстый', 'author': 'Лев Толстой', 'genre': 'python', 'year': 1000, 'pages': 1000, 'availability': 'available'}, {'id': 5, 'title': 'проверка', 'author': 'проверка', 'genre': 'проверка'}, {'id': 6, 'title': 'проверка2', 'author': 'проверка2', 'genre': 'проверка'}, {'id': 7, 'title': 'string', 'author': 'string', 'genre': 'string'}, {'id': 8, 'title': 'Dune', 'author': 'Frank Herbert', 'year': 1965, 'genre': 'Science Fiction', 'pages': 412, 'cover_url': 'https://covers.openlibrary.org/b/id/11481354-L.jpg', 'description': 'Set on the desert planet Arrakis, Dune is the story of the boy Paul Atreides, heir to a noble family tasked with ruling an inhospitable world where the only thing of value is the "spice" melange, a drug capable of extending life and enhancing consciousness. Coveted across the known universe, melange is a prize worth killing for...\r\n\r\nWhen House Atreides is betrayed, the destruction of Paul\'s family will set the boy on a journey toward a destiny greater than he could ever have imagined. And as he evolves into the mysterious man known as Muad\'Dib, he will bring to fruition humankind\'s most ancient and unattainable dream.\r\n\r\nA stunning blend of adventure and mysticism, environmentalism and politics, Dune won the first Nebula Award, shared the Hugo Award, and formed the basis of what is undoubtedly the grandest epic in science fiction.'}, {'id': 9, 'title': 'harry potter', 'author': 'J. K. Rowling', 'year': 1997, 'genre': 'Ph', 'pages': 1500, 'availability': 'available', 'cover_url': 'https://covers.openlibrary.org/b/id/10521270-L.jpg', 'description': 'Harry Potter #1\r\n\r\nWhen mysterious letters start arriving on his doorstep, Harry Potter has never heard of Hogwarts School of Witchcraft and Wizardry.\r\n\r\nThey are swiftly confiscated by his aunt and uncle.\r\n\r\nThen, on Harry’s eleventh birthday, a strange man bursts in with some important news: Harry Potter is a wizard and has been awarded a place to study at Hogwarts.\r\n\r\nAnd so the first of the Harry Potter adventures is set to begin.\r\n([source][1])\r\n\r\n\r\n  [1]: https://www.jkrowling.com/book/harry-potter-philosophers-stone/'}, {'id': 10, 'title': 'harry potter', 'author': 'J. K. Rowling', 'year': 1997, 'genre': 'Phentesy', 'pages': 1500, 'availability': 'available', 'cover_url': 'https://covers.openlibrary.org/b/id/10521270-L.jpg', 'description': 'Harry Potter #1\r\n\r\nWhen mysterious letters start arriving on his doorstep, Harry Potter has never heard of Hogwarts School of Witchcraft and Wizardry.\r\n\r\nThey are swiftly confiscated by his aunt and uncle.\r\n\r\nThen, on Harry’s eleventh birthday, a strange man bursts in with some important news: Harry Potter is a wizard and has been awarded a place to study at Hogwarts.\r\n\r\nAnd so the first of the Harry Potter adventures is set to begin.\r\n([source][1])\r\n\r\n\r\n  [1]: https://www.jkrowling.com/book/harry-potter-philosophers-stone/'}, {'id': 11, 'title': 'harry potter', 'author': 'J. K. Rowling', 'year': 1997, 'genre': 'PH', 'pages': 300, 'availability': 'available', 'cover_url': 'https://covers.openlibrary.org/b/id/10521270-L.jpg', 'description': 'Harry Potter #1\r\n\r\nWhen mysterious letters start arriving on his doorstep, Harry Potter has never heard of Hogwarts School of Witchcraft and Wizardry.\r\n\r\nThey are swiftly confiscated by his aunt and uncle.\r\n\r\nThen, on Harry’s eleventh birthday, a strange man bursts in with some important news: Harry Potter is a wizard and has been awarded a place to study at Hogwarts.\r\n\r\nAnd so the first of the Harry Potter adventures is set to begin.\r\n([source][1])\r\n\r\n\r\n  [1]: https://www.jkrowling.com/book/harry-potter-philosophers-stone/'}]
2025-05-27 23:08:08,288 - sqlalchemy.engine.Engine - INFO - select pg_catalog.version()
2025-05-27 23:08:08,289 - sqlalchemy.engine.Engine - INFO - [raw sql] ()
2025-05-27 23:08:08,291 - sqlalchemy.engine.Engine - INFO - select current_schema()
2025-05-27 23:08:08,292 - sqlalchemy.engine.Engine - INFO - [raw sql] ()
2025-05-27 23:08:08,293 - sqlalchemy.engine.Engine - INFO - show standard_conforming_strings
2025-05-27 23:08:08,294 - sqlalchemy.engine.Engine - INFO - [raw sql] ()
2025-05-27 23:08:08,295 - sqlalchemy.engine.Engine - INFO - BEGIN (implicit)
2025-05-27 23:08:08,300 - sqlalchemy.engine.Engine - INFO - SELECT pg_catalog.pg_class.relname 
FROM pg_catalog.pg_class JOIN pg_catalog.pg_namespace ON pg_catalog.pg_namespace.oid = pg_catalog.pg_class.relnamespace 
WHERE pg_catalog.pg_class.relname = $1::VARCHAR AND pg_catalog.pg_class.relkind = ANY (ARRAY[$2::VARCHAR, $3::VARCHAR, $4::VARCHAR, $5::VARCHAR, $6::VARCHAR]) AND pg_catalog.pg_table_is_visible(pg_catalog.pg_class.oid) AND pg_catalog.pg_namespace.nspname != $7::VARCHAR
2025-05-27 23:08:08,301 - sqlalchemy.engine.Engine - INFO - [generated in 0.00104s] ('books', 'r', 'p', 'f', 'v', 'm', 'pg_catalog')
2025-05-27 23:08:08,304 - sqlalchemy.engine.Engine - INFO - 
DROP TABLE books
2025-05-27 23:08:08,305 - sqlalchemy.engine.Engine - INFO - [no key 0.00057s] ()
2025-05-27 23:08:08,309 - sqlalchemy.engine.Engine - INFO - SELECT pg_catalog.pg_class.relname 
FROM pg_catalog.pg_class JOIN pg_catalog.pg_namespace ON pg_catalog.pg_namespace.oid = pg_catalog.pg_class.relnamespace 
WHERE pg_catalog.pg_class.relname = $1::VARCHAR AND pg_catalog.pg_class.relkind = ANY (ARRAY[$2::VARCHAR, $3::VARCHAR, $4::VARCHAR, $5::VARCHAR, $6::VARCHAR]) AND pg_catalog.pg_table_is_visible(pg_catalog.pg_class.oid) AND pg_catalog.pg_namespace.nspname != $7::VARCHAR
2025-05-27 23:08:08,310 - sqlalchemy.engine.Engine - INFO - [cached since 0.0106s ago] ('books', 'r', 'p', 'f', 'v', 'm', 'pg_catalog')
2025-05-27 23:08:08,312 - sqlalchemy.engine.Engine - INFO - 
CREATE TABLE books (
	id SERIAL NOT NULL, 
	title VARCHAR NOT NULL, 
	author VARCHAR NOT NULL, 
	year INTEGER NOT NULL, 
	genre VARCHAR NOT NULL, 
	pages INTEGER NOT NULL, 
	cover_url VARCHAR, 
	description VARCHAR, 
	PRIMARY KEY (id)
)


2025-05-27 23:08:08,314 - sqlalchemy.engine.Engine - INFO - [no key 0.00179s] ()
2025-05-27 23:08:08,324 - sqlalchemy.engine.Engine - INFO - CREATE INDEX ix_books_id ON books (id)
2025-05-27 23:08:08,324 - sqlalchemy.engine.Engine - INFO - [no key 0.00049s] ()
2025-05-27 23:08:08,328 - sqlalchemy.engine.Engine - INFO - COMMIT
2025-05-27 23:08:26,046 - httpx - INFO - HTTP Request: GET https://api.jsonbin.io/v3/b/682bbc1f8561e97a5017996e "HTTP/1.1 200 OK"
2025-05-27 23:08:26,051 - book_catalog - INFO - Создания книги: 'harry potter' | Хранилище: postgres
2025-05-27 23:08:27,245 - httpx - INFO - HTTP Request: GET https://openlibrary.org/search.json?q=title%3Aharry+potter&limit=1 "HTTP/1.1 200 OK"
2025-05-27 23:08:28,429 - httpx - INFO - HTTP Request: GET https://openlibrary.org/works/OL82563W.json "HTTP/1.1 200 OK"
2025-05-27 23:08:28,453 - sqlalchemy.engine.Engine - INFO - BEGIN (implicit)
2025-05-27 23:08:28,466 - sqlalchemy.engine.Engine - INFO - INSERT INTO books (title, author, year, genre, pages, cover_url, description) VALUES ($1::VARCHAR, $2::VARCHAR, $3::INTEGER, $4::VARCHAR, $5::INTEGER, $6::VARCHAR, $7::VARCHAR) RETURNING books.id
2025-05-27 23:08:28,467 - sqlalchemy.engine.Engine - INFO - [generated in 0.00158s] ('harry potter', 'J.K', 1997, 'Ph', 3000, 'https://covers.openlibrary.org/b/id/10521270-L.jpg', 'Harry Potter #1\r\n\r\nWhen mysterious letters start arriving on his doorstep, Harry Potter has never heard of Hogwarts School of Witchcraft and Wiza ... (255 characters truncated) ... st of the Harry Potter adventures is set to begin.\r\n([source][1])\r\n\r\n\r\n  [1]: https://www.jkrowling.com/book/harry-potter-philosophers-stone/')
2025-05-27 23:08:28,473 - sqlalchemy.engine.Engine - INFO - COMMIT
2025-05-27 23:08:28,475 - sqlalchemy.engine.Engine - INFO - BEGIN (implicit)
2025-05-27 23:08:28,480 - sqlalchemy.engine.Engine - INFO - SELECT books.id, books.title, books.author, books.year, books.genre, books.pages, books.cover_url, books.description 
FROM books 
WHERE books.id = $1::INTEGER
2025-05-27 23:08:28,481 - sqlalchemy.engine.Engine - INFO - [generated in 0.00120s] (1,)
2025-05-27 23:08:28,483 - book_catalog - INFO - Книга создана: <models.books.BookRepository object at 0x00000125D957F830>
2025-05-27 23:08:28,484 - sqlalchemy.engine.Engine - INFO - ROLLBACK
2025-05-27 23:08:36,731 - httpx - INFO - HTTP Request: GET https://api.jsonbin.io/v3/b/682bbc1f8561e97a5017996e "HTTP/1.1 200 OK"
2025-05-27 23:08:36,735 - book_catalog - INFO - Создания книги: 'harry potter' | Хранилище: jsonbin
2025-05-27 23:08:37,801 - httpx - INFO - HTTP Request: GET https://api.jsonbin.io/v3/b/682bbc1f8561e97a5017996e "HTTP/1.1 200 OK"
2025-05-27 23:08:39,035 - httpx - INFO - HTTP Request: GET https://openlibrary.org/search.json?q=title%3Aharry+potter&limit=1 "HTTP/1.1 200 OK"
2025-05-27 23:08:40,157 - httpx - INFO - HTTP Request: GET https://openlibrary.org/works/OL82563W.json "HTTP/1.1 200 OK"
2025-05-27 23:08:41,188 - httpx - INFO - HTTP Request: GET https://api.jsonbin.io/v3/b/682bbc1f8561e97a5017996e "HTTP/1.1 200 OK"
2025-05-27 23:08:42,828 - httpx - INFO - HTTP Request: PUT https://api.jsonbin.io/v3/b/682bbc1f8561e97a5017996e "HTTP/1.1 200 OK"
2025-05-27 23:08:43,288 - book_catalog - INFO - Книга создана: {'id': 13, 'title': 'harry potter', 'author': 'J. K. Rowling', 'year': 1997, 'genre': 'Ph', 'pages': 3000, 'availability': <AvailabilityStatus.AVAILABLE: 'available'>, 'cover_url': 'https://covers.openlibrary.org/b/id/10521270-L.jpg', 'description': 'Harry Potter #1\r\n\r\nWhen mysterious letters start arriving on his doorstep, Harry Potter has never heard of Hogwarts School of Witchcraft and Wizardry.\r\n\r\nThey are swiftly confiscated by his aunt and uncle.\r\n\r\nThen, on Harry’s eleventh birthday, a strange man bursts in with some important news: Harry Potter is a wizard and has been awarded a place to study at Hogwarts.\r\n\r\nAnd so the first of the Harry Potter adventures is set to begin.\r\n([source][1])\r\n\r\n\r\n  [1]: https://www.jkrowling.com/book/harry-potter-philosophers-stone/'}
2025-05-27 23:08:53,247 - book_catalog - INFO - Фильтрация title=None author=None genre=None limit=10 offset=0
2025-05-27 23:08:53,248 - sqlalchemy.engine.Engine - INFO - BEGIN (implicit)
2025-05-27 23:08:53,249 - sqlalchemy.engine.Engine - INFO - SELECT books.id, books.title, books.author, books.year, books.genre, books.pages, books.cover_url, books.description 
FROM books 
 LIMIT $1::INTEGER
2025-05-27 23:08:53,252 - sqlalchemy.engine.Engine - INFO - [generated in 0.00232s] (10,)
2025-05-27 23:08:53,264 - book_catalog - INFO - Получаем отфильтрованный список книг[<models.books.BookRepository object at 0x00000125D95D3290>]
2025-05-27 23:08:53,265 - sqlalchemy.engine.Engine - INFO - ROLLBACK
2025-05-27 23:08:56,281 - book_catalog - INFO - Фильтрация title=None author=None genre=None limit=10 offset=0
2025-05-27 23:08:57,228 - httpx - INFO - HTTP Request: GET https://api.jsonbin.io/v3/b/682bbc1f8561e97a5017996e "HTTP/1.1 200 OK"
2025-05-27 23:08:57,232 - book_catalog - INFO - Получаем отфильтрованный список книг[{'id': 1, 'title': 'книга 1', 'author': 'Я', 'year': 2025, 'genre': 'python', 'pages': 300, 'availability': True}, {'id': 3, 'title': 'Книга проверка', 'author': 'ну я', 'genre': 'python', 'year': 2025, 'pages': 0, 'availability': 'available'}, {'id': 4, 'title': 'Толстый', 'author': 'Лев Толстой', 'genre': 'python', 'year': 1000, 'pages': 1000, 'availability': 'available'}, {'id': 5, 'title': 'проверка', 'author': 'проверка', 'genre': 'проверка'}, {'id': 6, 'title': 'проверка2', 'author': 'проверка2', 'genre': 'проверка'}, {'id': 7, 'title': 'string', 'author': 'string', 'genre': 'string'}, {'id': 8, 'title': 'Dune', 'author': 'Frank Herbert', 'year': 1965, 'genre': 'Science Fiction', 'pages': 412, 'cover_url': 'https://covers.openlibrary.org/b/id/11481354-L.jpg', 'description': 'Set on the desert planet Arrakis, Dune is the story of the boy Paul Atreides, heir to a noble family tasked with ruling an inhospitable world where the only thing of value is the "spice" melange, a drug capable of extending life and enhancing consciousness. Coveted across the known universe, melange is a prize worth killing for...\r\n\r\nWhen House Atreides is betrayed, the destruction of Paul\'s family will set the boy on a journey toward a destiny greater than he could ever have imagined. And as he evolves into the mysterious man known as Muad\'Dib, he will bring to fruition humankind\'s most ancient and unattainable dream.\r\n\r\nA stunning blend of adventure and mysticism, environmentalism and politics, Dune won the first Nebula Award, shared the Hugo Award, and formed the basis of what is undoubtedly the grandest epic in science fiction.'}, {'id': 9, 'title': 'harry potter', 'author': 'J. K. Rowling', 'year': 1997, 'genre': 'Ph', 'pages': 1500, 'availability': 'available', 'cover_url': 'https://covers.openlibrary.org/b/id/10521270-L.jpg', 'description': 'Harry Potter #1\r\n\r\nWhen mysterious letters start arriving on his doorstep, Harry Potter has never heard of Hogwarts School of Witchcraft and Wizardry.\r\n\r\nThey are swiftly confiscated by his aunt and uncle.\r\n\r\nThen, on Harry’s eleventh birthday, a strange man bursts in with some important news: Harry Potter is a wizard and has been awarded a place to study at Hogwarts.\r\n\r\nAnd so the first of the Harry Potter adventures is set to begin.\r\n([source][1])\r\n\r\n\r\n  [1]: https://www.jkrowling.com/book/harry-potter-philosophers-stone/'}, {'id': 10, 'title': 'harry potter', 'author': 'J. K. Rowling', 'year': 1997, 'genre': 'Phentesy', 'pages': 1500, 'availability': 'available', 'cover_url': 'https://covers.openlibrary.org/b/id/10521270-L.jpg', 'description': 'Harry Potter #1\r\n\r\nWhen mysterious letters start arriving on his doorstep, Harry Potter has never heard of Hogwarts School of Witchcraft and Wizardry.\r\n\r\nThey are swiftly confiscated by his aunt and uncle.\r\n\r\nThen, on Harry’s eleventh birthday, a strange man bursts in with some important news: Harry Potter is a wizard and has been awarded a place to study at Hogwarts.\r\n\r\nAnd so the first of the Harry Potter adventures is set to begin.\r\n([source][1])\r\n\r\n\r\n  [1]: https://www.jkrowling.com/book/harry-potter-philosophers-stone/'}, {'id': 11, 'title': 'harry potter', 'author': 'J. K. Rowling', 'year': 1997, 'genre': 'PH', 'pages': 300, 'availability': 'available', 'cover_url': 'https://covers.openlibrary.org/b/id/10521270-L.jpg', 'description': 'Harry Potter #1\r\n\r\nWhen mysterious letters start arriving on his doorstep, Harry Potter has never heard of Hogwarts School of Witchcraft and Wizardry.\r\n\r\nThey are swiftly confiscated by his aunt and uncle.\r\n\r\nThen, on Harry’s eleventh birthday, a strange man bursts in with some important news: Harry Potter is a wizard and has been awarded a place to study at Hogwarts.\r\n\r\nAnd so the first of the Harry Potter adventures is set to begin.\r\n([source][1])\r\n\r\n\r\n  [1]: https://www.jkrowling.com/book/harry-potter-philosophers-stone/'}]
2025-05-27 23:09:12,624 - book_catalog - INFO - Фильтрация title=None author=None genre=None limit=13 offset=0
2025-05-27 23:09:13,444 - httpx - INFO - HTTP Request: GET https://api.jsonbin.io/v3/b/682bbc1f8561e97a5017996e "HTTP/1.1 200 OK"
2025-05-27 23:09:13,449 - book_catalog - INFO - Получаем отфильтрованный список книг[{'id': 1, 'title': 'книга 1', 'author': 'Я', 'year': 2025, 'genre': 'python', 'pages': 300, 'availability': True}, {'id': 3, 'title': 'Книга проверка', 'author': 'ну я', 'genre': 'python', 'year': 2025, 'pages': 0, 'availability': 'available'}, {'id': 4, 'title': 'Толстый', 'author': 'Лев Толстой', 'genre': 'python', 'year': 1000, 'pages': 1000, 'availability': 'available'}, {'id': 5, 'title': 'проверка', 'author': 'проверка', 'genre': 'проверка'}, {'id': 6, 'title': 'проверка2', 'author': 'проверка2', 'genre': 'проверка'}, {'id': 7, 'title': 'string', 'author': 'string', 'genre': 'string'}, {'id': 8, 'title': 'Dune', 'author': 'Frank Herbert', 'year': 1965, 'genre': 'Science Fiction', 'pages': 412, 'cover_url': 'https://covers.openlibrary.org/b/id/11481354-L.jpg', 'description': 'Set on the desert planet Arrakis, Dune is the story of the boy Paul Atreides, heir to a noble family tasked with ruling an inhospitable world where the only thing of value is the "spice" melange, a drug capable of extending life and enhancing consciousness. Coveted across the known universe, melange is a prize worth killing for...\r\n\r\nWhen House Atreides is betrayed, the destruction of Paul\'s family will set the boy on a journey toward a destiny greater than he could ever have imagined. And as he evolves into the mysterious man known as Muad\'Dib, he will bring to fruition humankind\'s most ancient and unattainable dream.\r\n\r\nA stunning blend of adventure and mysticism, environmentalism and politics, Dune won the first Nebula Award, shared the Hugo Award, and formed the basis of what is undoubtedly the grandest epic in science fiction.'}, {'id': 9, 'title': 'harry potter', 'author': 'J. K. Rowling', 'year': 1997, 'genre': 'Ph', 'pages': 1500, 'availability': 'available', 'cover_url': 'https://covers.openlibrary.org/b/id/10521270-L.jpg', 'description': 'Harry Potter #1\r\n\r\nWhen mysterious letters start arriving on his doorstep, Harry Potter has never heard of Hogwarts School of Witchcraft and Wizardry.\r\n\r\nThey are swiftly confiscated by his aunt and uncle.\r\n\r\nThen, on Harry’s eleventh birthday, a strange man bursts in with some important news: Harry Potter is a wizard and has been awarded a place to study at Hogwarts.\r\n\r\nAnd so the first of the Harry Potter adventures is set to begin.\r\n([source][1])\r\n\r\n\r\n  [1]: https://www.jkrowling.com/book/harry-potter-philosophers-stone/'}, {'id': 10, 'title': 'harry potter', 'author': 'J. K. Rowling', 'year': 1997, 'genre': 'Phentesy', 'pages': 1500, 'availability': 'available', 'cover_url': 'https://covers.openlibrary.org/b/id/10521270-L.jpg', 'description': 'Harry Potter #1\r\n\r\nWhen mysterious letters start arriving on his doorstep, Harry Potter has never heard of Hogwarts School of Witchcraft and Wizardry.\r\n\r\nThey are swiftly confiscated by his aunt and uncle.\r\n\r\nThen, on Harry’s eleventh birthday, a strange man bursts in with some important news: Harry Potter is a wizard and has been awarded a place to study at Hogwarts.\r\n\r\nAnd so the first of the Harry Potter adventures is set to begin.\r\n([source][1])\r\n\r\n\r\n  [1]: https://www.jkrowling.com/book/harry-potter-philosophers-stone/'}, {'id': 11, 'title': 'harry potter', 'author': 'J. K. Rowling', 'year': 1997, 'genre': 'PH', 'pages': 300, 'availability': 'available', 'cover_url': 'https://covers.openlibrary.org/b/id/10521270-L.jpg', 'description': 'Harry Potter #1\r\n\r\nWhen mysterious letters start arriving on his doorstep, Harry Potter has never heard of Hogwarts School of Witchcraft and Wizardry.\r\n\r\nThey are swiftly confiscated by his aunt and uncle.\r\n\r\nThen, on Harry’s eleventh birthday, a strange man bursts in with some important news: Harry Potter is a wizard and has been awarded a place to study at Hogwarts.\r\n\r\nAnd so the first of the Harry Potter adventures is set to begin.\r\n([source][1])\r\n\r\n\r\n  [1]: https://www.jkrowling.com/book/harry-potter-philosophers-stone/'}, {'id': 12, 'title': 'harry potter', 'author': 'J. K. Rowling', 'year': 1997, 'genre': 'Ph', 'pages': 3000, 'availability': 'available', 'cover_url': 'https://covers.openlibrary.org/b/id/10521270-L.jpg', 'description': 'Harry Potter #1\r\n\r\nWhen mysterious letters start arriving on his doorstep, Harry Potter has never heard of Hogwarts School of Witchcraft and Wizardry.\r\n\r\nThey are swiftly confiscated by his aunt and uncle.\r\n\r\nThen, on Harry’s eleventh birthday, a strange man bursts in with some important news: Harry Potter is a wizard and has been awarded a place to study at Hogwarts.\r\n\r\nAnd so the first of the Harry Potter adventures is set to begin.\r\n([source][1])\r\n\r\n\r\n  [1]: https://www.jkrowling.com/book/harry-potter-philosophers-stone/'}, {'id': 13, 'title': 'harry potter', 'author': 'J. K. Rowling', 'year': 1997, 'genre': 'Ph', 'pages': 3000, 'availability': 'available', 'cover_url': 'https://covers.openlibrary.org/b/id/10521270-L.jpg', 'description': 'Harry Potter #1\r\n\r\nWhen mysterious letters start arriving on his doorstep, Harry Potter has never heard of Hogwarts School of Witchcraft and Wizardry.\r\n\r\nThey are swiftly confiscated by his aunt and uncle.\r\n\r\nThen, on Harry’s eleventh birthday, a strange man bursts in with some important news: Harry Potter is a wizard and has been awarded a place to study at Hogwarts.\r\n\r\nAnd so the first of the Harry Potter adventures is set to begin.\r\n([source][1])\r\n\r\n\r\n  [1]: https://www.jkrowling.com/book/harry-potter-philosophers-stone/'}]
2025-05-27 23:15:41,415 - sqlalchemy.engine.Engine - INFO - select pg_catalog.version()
2025-05-27 23:15:41,416 - sqlalchemy.engine.Engine - INFO - [raw sql] ()
2025-05-27 23:15:41,418 - sqlalchemy.engine.Engine - INFO - select current_schema()
2025-05-27 23:15:41,418 - sqlalchemy.engine.Engine - INFO - [raw sql] ()
2025-05-27 23:15:41,420 - sqlalchemy.engine.Engine - INFO - show standard_conforming_strings
2025-05-27 23:15:41,420 - sqlalchemy.engine.Engine - INFO - [raw sql] ()
2025-05-27 23:15:41,421 - sqlalchemy.engine.Engine - INFO - BEGIN (implicit)
2025-05-27 23:15:41,426 - sqlalchemy.engine.Engine - INFO - SELECT pg_catalog.pg_class.relname 
FROM pg_catalog.pg_class JOIN pg_catalog.pg_namespace ON pg_catalog.pg_namespace.oid = pg_catalog.pg_class.relnamespace 
WHERE pg_catalog.pg_class.relname = $1::VARCHAR AND pg_catalog.pg_class.relkind = ANY (ARRAY[$2::VARCHAR, $3::VARCHAR, $4::VARCHAR, $5::VARCHAR, $6::VARCHAR]) AND pg_catalog.pg_table_is_visible(pg_catalog.pg_class.oid) AND pg_catalog.pg_namespace.nspname != $7::VARCHAR
2025-05-27 23:15:41,426 - sqlalchemy.engine.Engine - INFO - [generated in 0.00093s] ('books', 'r', 'p', 'f', 'v', 'm', 'pg_catalog')
2025-05-27 23:15:41,430 - sqlalchemy.engine.Engine - INFO - 
DROP TABLE books
2025-05-27 23:15:41,431 - sqlalchemy.engine.Engine - INFO - [no key 0.00062s] ()
2025-05-27 23:15:41,435 - sqlalchemy.engine.Engine - INFO - SELECT pg_catalog.pg_class.relname 
FROM pg_catalog.pg_class JOIN pg_catalog.pg_namespace ON pg_catalog.pg_namespace.oid = pg_catalog.pg_class.relnamespace 
WHERE pg_catalog.pg_class.relname = $1::VARCHAR AND pg_catalog.pg_class.relkind = ANY (ARRAY[$2::VARCHAR, $3::VARCHAR, $4::VARCHAR, $5::VARCHAR, $6::VARCHAR]) AND pg_catalog.pg_table_is_visible(pg_catalog.pg_class.oid) AND pg_catalog.pg_namespace.nspname != $7::VARCHAR
2025-05-27 23:15:41,437 - sqlalchemy.engine.Engine - INFO - [cached since 0.01121s ago] ('books', 'r', 'p', 'f', 'v', 'm', 'pg_catalog')
2025-05-27 23:15:41,439 - sqlalchemy.engine.Engine - INFO - 
CREATE TABLE books (
	id SERIAL NOT NULL, 
	title VARCHAR NOT NULL, 
	author VARCHAR NOT NULL, 
	year INTEGER NOT NULL, 
	genre VARCHAR NOT NULL, 
	pages INTEGER NOT NULL, 
	cover_url VARCHAR, 
	description VARCHAR, 
	PRIMARY KEY (id)
)


2025-05-27 23:15:41,440 - sqlalchemy.engine.Engine - INFO - [no key 0.00181s] ()
2025-05-27 23:15:41,451 - sqlalchemy.engine.Engine - INFO - CREATE INDEX ix_books_id ON books (id)
2025-05-27 23:15:41,452 - sqlalchemy.engine.Engine - INFO - [no key 0.00056s] ()
2025-05-27 23:15:41,456 - sqlalchemy.engine.Engine - INFO - COMMIT
2025-05-27 23:15:51,200 - httpx - INFO - HTTP Request: GET https://api.jsonbin.io/v3/b/682bbc1f8561e97a5017996e "HTTP/1.1 200 OK"
2025-05-27 23:15:51,204 - book_catalog - INFO - Создания книги: 'harry potter' | Хранилище: jsonbin
2025-05-27 23:15:52,469 - httpx - INFO - HTTP Request: GET https://api.jsonbin.io/v3/b/682bbc1f8561e97a5017996e "HTTP/1.1 200 OK"
2025-05-27 23:15:53,635 - httpx - INFO - HTTP Request: GET https://openlibrary.org/search.json?q=title%3Aharry+potter&limit=1 "HTTP/1.1 200 OK"
2025-05-27 23:15:54,758 - httpx - INFO - HTTP Request: GET https://openlibrary.org/works/OL82563W.json "HTTP/1.1 200 OK"
2025-05-27 23:15:55,729 - httpx - INFO - HTTP Request: GET https://api.jsonbin.io/v3/b/682bbc1f8561e97a5017996e "HTTP/1.1 200 OK"
2025-05-27 23:15:57,459 - httpx - INFO - HTTP Request: PUT https://api.jsonbin.io/v3/b/682bbc1f8561e97a5017996e "HTTP/1.1 200 OK"
2025-05-27 23:15:57,463 - book_catalog - INFO - Книга создана: {'id': 14, 'title': 'harry potter', 'author': 'J. K. Rowling', 'year': 1997, 'genre': 'Ph', 'pages': 3000, 'availability': <AvailabilityStatus.AVAILABLE: 'available'>, 'cover_url': 'https://covers.openlibrary.org/b/id/10521270-L.jpg', 'description': 'Harry Potter #1\r\n\r\nWhen mysterious letters start arriving on his doorstep, Harry Potter has never heard of Hogwarts School of Witchcraft and Wizardry.\r\n\r\nThey are swiftly confiscated by his aunt and uncle.\r\n\r\nThen, on Harry’s eleventh birthday, a strange man bursts in with some important news: Harry Potter is a wizard and has been awarded a place to study at Hogwarts.\r\n\r\nAnd so the first of the Harry Potter adventures is set to begin.\r\n([source][1])\r\n\r\n\r\n  [1]: https://www.jkrowling.com/book/harry-potter-philosophers-stone/'}
2025-05-27 23:16:03,661 - httpx - INFO - HTTP Request: GET https://api.jsonbin.io/v3/b/682bbc1f8561e97a5017996e "HTTP/1.1 200 OK"
2025-05-27 23:16:03,664 - book_catalog - INFO - Создания книги: 'harry potter' | Хранилище: postgres
2025-05-27 23:16:04,862 - httpx - INFO - HTTP Request: GET https://openlibrary.org/search.json?q=title%3Aharry+potter&limit=1 "HTTP/1.1 200 OK"
2025-05-27 23:16:05,997 - httpx - INFO - HTTP Request: GET https://openlibrary.org/works/OL82563W.json "HTTP/1.1 200 OK"
2025-05-27 23:16:06,001 - sqlalchemy.engine.Engine - INFO - BEGIN (implicit)
2025-05-27 23:16:06,014 - sqlalchemy.engine.Engine - INFO - INSERT INTO books (title, author, year, genre, pages, cover_url, description) VALUES ($1::VARCHAR, $2::VARCHAR, $3::INTEGER, $4::VARCHAR, $5::INTEGER, $6::VARCHAR, $7::VARCHAR) RETURNING books.id
2025-05-27 23:16:06,015 - sqlalchemy.engine.Engine - INFO - [generated in 0.00111s] ('harry potter', 'J.K', 1997, 'Ph', 3000, 'https://covers.openlibrary.org/b/id/10521270-L.jpg', 'Harry Potter #1\r\n\r\nWhen mysterious letters start arriving on his doorstep, Harry Potter has never heard of Hogwarts School of Witchcraft and Wiza ... (255 characters truncated) ... st of the Harry Potter adventures is set to begin.\r\n([source][1])\r\n\r\n\r\n  [1]: https://www.jkrowling.com/book/harry-potter-philosophers-stone/')
2025-05-27 23:16:06,019 - sqlalchemy.engine.Engine - INFO - COMMIT
2025-05-27 23:16:06,022 - sqlalchemy.engine.Engine - INFO - BEGIN (implicit)
2025-05-27 23:16:06,025 - sqlalchemy.engine.Engine - INFO - SELECT books.id, books.title, books.author, books.year, books.genre, books.pages, books.cover_url, books.description 
FROM books 
WHERE books.id = $1::INTEGER
2025-05-27 23:16:06,027 - sqlalchemy.engine.Engine - INFO - [generated in 0.00157s] (1,)
2025-05-27 23:16:06,029 - book_catalog - INFO - Книга создана: <models.books.BookRepository object at 0x0000026A5C7B7D40>
2025-05-27 23:16:06,029 - sqlalchemy.engine.Engine - INFO - ROLLBACK
2025-05-27 23:16:13,500 - book_catalog - INFO - Фильтрация title='harry potter' author=None genre=None limit=13 offset=0
2025-05-27 23:16:14,528 - httpx - INFO - HTTP Request: GET https://api.jsonbin.io/v3/b/682bbc1f8561e97a5017996e "HTTP/1.1 200 OK"
2025-05-27 23:16:14,529 - book_catalog - INFO - Получаем отфильтрованный список книг[{'id': 9, 'title': 'harry potter', 'author': 'J. K. Rowling', 'year': 1997, 'genre': 'Ph', 'pages': 1500, 'availability': 'available', 'cover_url': 'https://covers.openlibrary.org/b/id/10521270-L.jpg', 'description': 'Harry Potter #1\r\n\r\nWhen mysterious letters start arriving on his doorstep, Harry Potter has never heard of Hogwarts School of Witchcraft and Wizardry.\r\n\r\nThey are swiftly confiscated by his aunt and uncle.\r\n\r\nThen, on Harry’s eleventh birthday, a strange man bursts in with some important news: Harry Potter is a wizard and has been awarded a place to study at Hogwarts.\r\n\r\nAnd so the first of the Harry Potter adventures is set to begin.\r\n([source][1])\r\n\r\n\r\n  [1]: https://www.jkrowling.com/book/harry-potter-philosophers-stone/'}, {'id': 10, 'title': 'harry potter', 'author': 'J. K. Rowling', 'year': 1997, 'genre': 'Phentesy', 'pages': 1500, 'availability': 'available', 'cover_url': 'https://covers.openlibrary.org/b/id/10521270-L.jpg', 'description': 'Harry Potter #1\r\n\r\nWhen mysterious letters start arriving on his doorstep, Harry Potter has never heard of Hogwarts School of Witchcraft and Wizardry.\r\n\r\nThey are swiftly confiscated by his aunt and uncle.\r\n\r\nThen, on Harry’s eleventh birthday, a strange man bursts in with some important news: Harry Potter is a wizard and has been awarded a place to study at Hogwarts.\r\n\r\nAnd so the first of the Harry Potter adventures is set to begin.\r\n([source][1])\r\n\r\n\r\n  [1]: https://www.jkrowling.com/book/harry-potter-philosophers-stone/'}, {'id': 11, 'title': 'harry potter', 'author': 'J. K. Rowling', 'year': 1997, 'genre': 'PH', 'pages': 300, 'availability': 'available', 'cover_url': 'https://covers.openlibrary.org/b/id/10521270-L.jpg', 'description': 'Harry Potter #1\r\n\r\nWhen mysterious letters start arriving on his doorstep, Harry Potter has never heard of Hogwarts School of Witchcraft and Wizardry.\r\n\r\nThey are swiftly confiscated by his aunt and uncle.\r\n\r\nThen, on Harry’s eleventh birthday, a strange man bursts in with some important news: Harry Potter is a wizard and has been awarded a place to study at Hogwarts.\r\n\r\nAnd so the first of the Harry Potter adventures is set to begin.\r\n([source][1])\r\n\r\n\r\n  [1]: https://www.jkrowling.com/book/harry-potter-philosophers-stone/'}, {'id': 12, 'title': 'harry potter', 'author': 'J. K. Rowling', 'year': 1997, 'genre': 'Ph', 'pages': 3000, 'availability': 'available', 'cover_url': 'https://covers.openlibrary.org/b/id/10521270-L.jpg', 'description': 'Harry Potter #1\r\n\r\nWhen mysterious letters start arriving on his doorstep, Harry Potter has never heard of Hogwarts School of Witchcraft and Wizardry.\r\n\r\nThey are swiftly confiscated by his aunt and uncle.\r\n\r\nThen, on Harry’s eleventh birthday, a strange man bursts in with some important news: Harry Potter is a wizard and has been awarded a place to study at Hogwarts.\r\n\r\nAnd so the first of the Harry Potter adventures is set to begin.\r\n([source][1])\r\n\r\n\r\n  [1]: https://www.jkrowling.com/book/harry-potter-philosophers-stone/'}, {'id': 13, 'title': 'harry potter', 'author': 'J. K. Rowling', 'year': 1997, 'genre': 'Ph', 'pages': 3000, 'availability': 'available', 'cover_url': 'https://covers.openlibrary.org/b/id/10521270-L.jpg', 'description': 'Harry Potter #1\r\n\r\nWhen mysterious letters start arriving on his doorstep, Harry Potter has never heard of Hogwarts School of Witchcraft and Wizardry.\r\n\r\nThey are swiftly confiscated by his aunt and uncle.\r\n\r\nThen, on Harry’s eleventh birthday, a strange man bursts in with some important news: Harry Potter is a wizard and has been awarded a place to study at Hogwarts.\r\n\r\nAnd so the first of the Harry Potter adventures is set to begin.\r\n([source][1])\r\n\r\n\r\n  [1]: https://www.jkrowling.com/book/harry-potter-philosophers-stone/'}, {'id': 14, 'title': 'harry potter', 'author': 'J. K. Rowling', 'year': 1997, 'genre': 'Ph', 'pages': 3000, 'availability': 'available', 'cover_url': 'https://covers.openlibrary.org/b/id/10521270-L.jpg', 'description': 'Harry Potter #1\r\n\r\nWhen mysterious letters start arriving on his doorstep, Harry Potter has never heard of Hogwarts School of Witchcraft and Wizardry.\r\n\r\nThey are swiftly confiscated by his aunt and uncle.\r\n\r\nThen, on Harry’s eleventh birthday, a strange man bursts in with some important news: Harry Potter is a wizard and has been awarded a place to study at Hogwarts.\r\n\r\nAnd so the first of the Harry Potter adventures is set to begin.\r\n([source][1])\r\n\r\n\r\n  [1]: https://www.jkrowling.com/book/harry-potter-philosophers-stone/'}]
2025-05-27 23:16:19,053 - book_catalog - INFO - Фильтрация title='harry potter' author=None genre=None limit=13 offset=0
2025-05-27 23:16:19,054 - sqlalchemy.engine.Engine - INFO - BEGIN (implicit)
2025-05-27 23:16:19,064 - sqlalchemy.engine.Engine - INFO - SELECT books.id, books.title, books.author, books.year, books.genre, books.pages, books.cover_url, books.description 
FROM books 
WHERE books.title = $1::VARCHAR 
 LIMIT $2::INTEGER
2025-05-27 23:16:19,066 - sqlalchemy.engine.Engine - INFO - [generated in 0.00156s] ('harry potter', 13)
2025-05-27 23:16:19,070 - book_catalog - INFO - Получаем отфильтрованный список книг[<models.books.BookRepository object at 0x0000026A5C353D70>]
2025-05-27 23:16:19,071 - sqlalchemy.engine.Engine - INFO - ROLLBACK
2025-05-27 23:24:54,336 - sqlalchemy.engine.Engine - INFO - select pg_catalog.version()
2025-05-27 23:24:54,337 - sqlalchemy.engine.Engine - INFO - [raw sql] ()
2025-05-27 23:24:54,339 - sqlalchemy.engine.Engine - INFO - select current_schema()
2025-05-27 23:24:54,339 - sqlalchemy.engine.Engine - INFO - [raw sql] ()
2025-05-27 23:24:54,341 - sqlalchemy.engine.Engine - INFO - show standard_conforming_strings
2025-05-27 23:24:54,341 - sqlalchemy.engine.Engine - INFO - [raw sql] ()
2025-05-27 23:24:54,344 - sqlalchemy.engine.Engine - INFO - BEGIN (implicit)
2025-05-27 23:24:54,348 - sqlalchemy.engine.Engine - INFO - SELECT pg_catalog.pg_class.relname 
FROM pg_catalog.pg_class JOIN pg_catalog.pg_namespace ON pg_catalog.pg_namespace.oid = pg_catalog.pg_class.relnamespace 
WHERE pg_catalog.pg_class.relname = $1::VARCHAR AND pg_catalog.pg_class.relkind = ANY (ARRAY[$2::VARCHAR, $3::VARCHAR, $4::VARCHAR, $5::VARCHAR, $6::VARCHAR]) AND pg_catalog.pg_table_is_visible(pg_catalog.pg_class.oid) AND pg_catalog.pg_namespace.nspname != $7::VARCHAR
2025-05-27 23:24:54,349 - sqlalchemy.engine.Engine - INFO - [generated in 0.00099s] ('books', 'r', 'p', 'f', 'v', 'm', 'pg_catalog')
2025-05-27 23:24:54,353 - sqlalchemy.engine.Engine - INFO - 
DROP TABLE books
2025-05-27 23:24:54,354 - sqlalchemy.engine.Engine - INFO - [no key 0.00096s] ()
2025-05-27 23:24:54,359 - sqlalchemy.engine.Engine - INFO - SELECT pg_catalog.pg_class.relname 
FROM pg_catalog.pg_class JOIN pg_catalog.pg_namespace ON pg_catalog.pg_namespace.oid = pg_catalog.pg_class.relnamespace 
WHERE pg_catalog.pg_class.relname = $1::VARCHAR AND pg_catalog.pg_class.relkind = ANY (ARRAY[$2::VARCHAR, $3::VARCHAR, $4::VARCHAR, $5::VARCHAR, $6::VARCHAR]) AND pg_catalog.pg_table_is_visible(pg_catalog.pg_class.oid) AND pg_catalog.pg_namespace.nspname != $7::VARCHAR
2025-05-27 23:24:54,360 - sqlalchemy.engine.Engine - INFO - [cached since 0.01228s ago] ('books', 'r', 'p', 'f', 'v', 'm', 'pg_catalog')
2025-05-27 23:24:54,362 - sqlalchemy.engine.Engine - INFO - 
CREATE TABLE books (
	id SERIAL NOT NULL, 
	title VARCHAR NOT NULL, 
	author VARCHAR NOT NULL, 
	year INTEGER NOT NULL, 
	genre VARCHAR NOT NULL, 
	pages INTEGER NOT NULL, 
	cover_url VARCHAR, 
	description VARCHAR, 
	PRIMARY KEY (id)
)


2025-05-27 23:24:54,364 - sqlalchemy.engine.Engine - INFO - [no key 0.00163s] ()
2025-05-27 23:24:54,374 - sqlalchemy.engine.Engine - INFO - CREATE INDEX ix_books_id ON books (id)
2025-05-27 23:24:54,374 - sqlalchemy.engine.Engine - INFO - [no key 0.00054s] ()
2025-05-27 23:24:54,379 - sqlalchemy.engine.Engine - INFO - COMMIT
2025-05-27 23:25:10,929 - httpx - INFO - HTTP Request: GET https://api.jsonbin.io/v3/b/682bbc1f8561e97a5017996e "HTTP/1.1 200 OK"
2025-05-27 23:25:10,937 - book_catalog - INFO - Создания книги: 'harry potter' | Хранилище: postgres
2025-05-27 23:25:12,157 - httpx - INFO - HTTP Request: GET https://openlibrary.org/search.json?q=title%3Aharry+potter&limit=1 "HTTP/1.1 200 OK"
2025-05-27 23:25:13,369 - httpx - INFO - HTTP Request: GET https://openlibrary.org/works/OL82563W.json "HTTP/1.1 200 OK"
2025-05-27 23:25:13,382 - sqlalchemy.engine.Engine - INFO - BEGIN (implicit)
2025-05-27 23:25:13,385 - sqlalchemy.engine.Engine - INFO - INSERT INTO books (title, author, year, genre, pages, cover_url, description) VALUES ($1::VARCHAR, $2::VARCHAR, $3::INTEGER, $4::VARCHAR, $5::INTEGER, $6::VARCHAR, $7::VARCHAR) RETURNING books.id
2025-05-27 23:25:13,386 - sqlalchemy.engine.Engine - INFO - [generated in 0.00138s] ('harry potter', 'J.K', 1997, 'Ph', 3000, 'https://covers.openlibrary.org/b/id/10521270-L.jpg', 'Harry Potter #1\r\n\r\nWhen mysterious letters start arriving on his doorstep, Harry Potter has never heard of Hogwarts School of Witchcraft and Wiza ... (255 characters truncated) ... st of the Harry Potter adventures is set to begin.\r\n([source][1])\r\n\r\n\r\n  [1]: https://www.jkrowling.com/book/harry-potter-philosophers-stone/')
2025-05-27 23:25:13,393 - sqlalchemy.engine.Engine - INFO - COMMIT
2025-05-27 23:25:13,398 - sqlalchemy.engine.Engine - INFO - BEGIN (implicit)
2025-05-27 23:25:13,402 - sqlalchemy.engine.Engine - INFO - SELECT books.id, books.title, books.author, books.year, books.genre, books.pages, books.cover_url, books.description 
FROM books 
WHERE books.id = $1::INTEGER
2025-05-27 23:25:13,403 - sqlalchemy.engine.Engine - INFO - [generated in 0.00144s] (1,)
2025-05-27 23:25:13,407 - book_catalog - INFO - Книга создана: <models.books.BookRepository object at 0x0000014D735FCF20>
2025-05-27 23:25:13,409 - sqlalchemy.engine.Engine - INFO - ROLLBACK
2025-05-27 23:26:22,146 - sqlalchemy.engine.Engine - INFO - select pg_catalog.version()
2025-05-27 23:26:22,147 - sqlalchemy.engine.Engine - INFO - [raw sql] ()
2025-05-27 23:26:22,150 - sqlalchemy.engine.Engine - INFO - select current_schema()
2025-05-27 23:26:22,150 - sqlalchemy.engine.Engine - INFO - [raw sql] ()
2025-05-27 23:26:22,152 - sqlalchemy.engine.Engine - INFO - show standard_conforming_strings
2025-05-27 23:26:22,152 - sqlalchemy.engine.Engine - INFO - [raw sql] ()
2025-05-27 23:26:22,154 - sqlalchemy.engine.Engine - INFO - BEGIN (implicit)
2025-05-27 23:26:22,158 - sqlalchemy.engine.Engine - INFO - SELECT pg_catalog.pg_class.relname 
FROM pg_catalog.pg_class JOIN pg_catalog.pg_namespace ON pg_catalog.pg_namespace.oid = pg_catalog.pg_class.relnamespace 
WHERE pg_catalog.pg_class.relname = $1::VARCHAR AND pg_catalog.pg_class.relkind = ANY (ARRAY[$2::VARCHAR, $3::VARCHAR, $4::VARCHAR, $5::VARCHAR, $6::VARCHAR]) AND pg_catalog.pg_table_is_visible(pg_catalog.pg_class.oid) AND pg_catalog.pg_namespace.nspname != $7::VARCHAR
2025-05-27 23:26:22,159 - sqlalchemy.engine.Engine - INFO - [generated in 0.00104s] ('books', 'r', 'p', 'f', 'v', 'm', 'pg_catalog')
2025-05-27 23:26:22,162 - sqlalchemy.engine.Engine - INFO - 
DROP TABLE books
2025-05-27 23:26:22,163 - sqlalchemy.engine.Engine - INFO - [no key 0.00073s] ()
2025-05-27 23:26:22,168 - sqlalchemy.engine.Engine - INFO - SELECT pg_catalog.pg_class.relname 
FROM pg_catalog.pg_class JOIN pg_catalog.pg_namespace ON pg_catalog.pg_namespace.oid = pg_catalog.pg_class.relnamespace 
WHERE pg_catalog.pg_class.relname = $1::VARCHAR AND pg_catalog.pg_class.relkind = ANY (ARRAY[$2::VARCHAR, $3::VARCHAR, $4::VARCHAR, $5::VARCHAR, $6::VARCHAR]) AND pg_catalog.pg_table_is_visible(pg_catalog.pg_class.oid) AND pg_catalog.pg_namespace.nspname != $7::VARCHAR
2025-05-27 23:26:22,169 - sqlalchemy.engine.Engine - INFO - [cached since 0.01162s ago] ('books', 'r', 'p', 'f', 'v', 'm', 'pg_catalog')
2025-05-27 23:26:22,171 - sqlalchemy.engine.Engine - INFO - 
CREATE TABLE books (
	id SERIAL NOT NULL, 
	title VARCHAR NOT NULL, 
	author VARCHAR NOT NULL, 
	year INTEGER NOT NULL, 
	genre VARCHAR NOT NULL, 
	pages INTEGER NOT NULL, 
	cover_url VARCHAR, 
	description VARCHAR, 
	PRIMARY KEY (id)
)


2025-05-27 23:26:22,174 - sqlalchemy.engine.Engine - INFO - [no key 0.00238s] ()
2025-05-27 23:26:22,185 - sqlalchemy.engine.Engine - INFO - CREATE INDEX ix_books_id ON books (id)
2025-05-27 23:26:22,185 - sqlalchemy.engine.Engine - INFO - [no key 0.00051s] ()
2025-05-27 23:26:22,189 - sqlalchemy.engine.Engine - INFO - COMMIT
2025-05-27 23:26:32,825 - httpx - INFO - HTTP Request: GET https://api.jsonbin.io/v3/b/682bbc1f8561e97a5017996e "HTTP/1.1 200 OK"
2025-05-27 23:26:32,830 - book_catalog - INFO - Создания книги: 'harry potter' | Хранилище: postgres
2025-05-27 23:26:33,923 - httpx - INFO - HTTP Request: GET https://openlibrary.org/search.json?q=title%3Aharry+potter&limit=1 "HTTP/1.1 200 OK"
2025-05-27 23:26:35,021 - httpx - INFO - HTTP Request: GET https://openlibrary.org/works/OL82563W.json "HTTP/1.1 200 OK"
2025-05-27 23:26:35,042 - sqlalchemy.engine.Engine - INFO - BEGIN (implicit)
2025-05-27 23:26:35,046 - sqlalchemy.engine.Engine - INFO - INSERT INTO books (title, author, year, genre, pages, cover_url, description) VALUES ($1::VARCHAR, $2::VARCHAR, $3::INTEGER, $4::VARCHAR, $5::INTEGER, $6::VARCHAR, $7::VARCHAR) RETURNING books.id
2025-05-27 23:26:35,047 - sqlalchemy.engine.Engine - INFO - [generated in 0.00152s] ('harry potter', 'J.K', 1997, 'Ph', 3000, 'https://covers.openlibrary.org/b/id/10521270-L.jpg', 'Harry Potter #1\r\n\r\nWhen mysterious letters start arriving on his doorstep, Harry Potter has never heard of Hogwarts School of Witchcraft and Wiza ... (255 characters truncated) ... st of the Harry Potter adventures is set to begin.\r\n([source][1])\r\n\r\n\r\n  [1]: https://www.jkrowling.com/book/harry-potter-philosophers-stone/')
2025-05-27 23:26:35,054 - sqlalchemy.engine.Engine - INFO - COMMIT
2025-05-27 23:26:35,058 - sqlalchemy.engine.Engine - INFO - BEGIN (implicit)
2025-05-27 23:26:35,062 - sqlalchemy.engine.Engine - INFO - SELECT books.id, books.title, books.author, books.year, books.genre, books.pages, books.cover_url, books.description 
FROM books 
WHERE books.id = $1::INTEGER
2025-05-27 23:26:35,064 - sqlalchemy.engine.Engine - INFO - [generated in 0.00159s] (1,)
2025-05-27 23:26:35,068 - book_catalog - INFO - Книга создана: <models.books.BookRepository object at 0x0000022461917E00>
2025-05-27 23:26:35,069 - sqlalchemy.engine.Engine - INFO - ROLLBACK
2025-05-27 23:26:44,296 - book_catalog - INFO - Фильтрация title=None author=None genre=None limit=10 offset=0
2025-05-27 23:26:44,297 - sqlalchemy.engine.Engine - INFO - BEGIN (implicit)
2025-05-27 23:26:44,298 - sqlalchemy.engine.Engine - INFO - SELECT books.id, books.title, books.author, books.year, books.genre, books.pages, books.cover_url, books.description 
FROM books 
 LIMIT $1::INTEGER
2025-05-27 23:26:44,299 - sqlalchemy.engine.Engine - INFO - [generated in 0.00105s] (10,)
2025-05-27 23:26:44,304 - book_catalog - INFO - Получаем отфильтрованный список книг[<models.books.BookRepository object at 0x000002246193CDA0>]
2025-05-27 23:26:44,305 - sqlalchemy.engine.Engine - INFO - ROLLBACK
2025-05-27 23:26:44,306 - book_catalog - CRITICAL - Необработанная ошибка: 1 validation errors:
  {'type': 'list_type', 'loc': ('response',), 'msg': 'Input should be a valid list', 'input': {'books': [<models.books.BookRepository object at 0x000002246193CDA0>]}}
Traceback (most recent call last):
  File "C:\Python\library_catalog_2\venv\Lib\site-packages\starlette\middleware\errors.py", line 165, in __call__
    await self.app(scope, receive, _send)
  File "C:\Python\library_catalog_2\venv\Lib\site-packages\starlette\middleware\exceptions.py", line 62, in __call__
    await wrap_app_handling_exceptions(self.app, conn)(scope, receive, send)
  File "C:\Python\library_catalog_2\venv\Lib\site-packages\starlette\_exception_handler.py", line 53, in wrapped_app
    raise exc
  File "C:\Python\library_catalog_2\venv\Lib\site-packages\starlette\_exception_handler.py", line 42, in wrapped_app
    await app(scope, receive, sender)
  File "C:\Python\library_catalog_2\venv\Lib\site-packages\starlette\routing.py", line 714, in __call__
    await self.middleware_stack(scope, receive, send)
  File "C:\Python\library_catalog_2\venv\Lib\site-packages\starlette\routing.py", line 734, in app
    await route.handle(scope, receive, send)
  File "C:\Python\library_catalog_2\venv\Lib\site-packages\starlette\routing.py", line 288, in handle
    await self.app(scope, receive, send)
  File "C:\Python\library_catalog_2\venv\Lib\site-packages\starlette\routing.py", line 76, in app
    await wrap_app_handling_exceptions(app, request)(scope, receive, send)
  File "C:\Python\library_catalog_2\venv\Lib\site-packages\starlette\_exception_handler.py", line 53, in wrapped_app
    raise exc
  File "C:\Python\library_catalog_2\venv\Lib\site-packages\starlette\_exception_handler.py", line 42, in wrapped_app
    await app(scope, receive, sender)
  File "C:\Python\library_catalog_2\venv\Lib\site-packages\starlette\routing.py", line 73, in app
    response = await f(request)
               ^^^^^^^^^^^^^^^^
  File "C:\Python\library_catalog_2\venv\Lib\site-packages\fastapi\routing.py", line 327, in app
    content = await serialize_response(
              ^^^^^^^^^^^^^^^^^^^^^^^^^
  File "C:\Python\library_catalog_2\venv\Lib\site-packages\fastapi\routing.py", line 176, in serialize_response
    raise ResponseValidationError(
fastapi.exceptions.ResponseValidationError: 1 validation errors:
  {'type': 'list_type', 'loc': ('response',), 'msg': 'Input should be a valid list', 'input': {'books': [<models.books.BookRepository object at 0x000002246193CDA0>]}}

2025-05-27 23:28:50,645 - sqlalchemy.engine.Engine - INFO - select pg_catalog.version()
2025-05-27 23:28:50,645 - sqlalchemy.engine.Engine - INFO - [raw sql] ()
2025-05-27 23:28:50,647 - sqlalchemy.engine.Engine - INFO - select current_schema()
2025-05-27 23:28:50,648 - sqlalchemy.engine.Engine - INFO - [raw sql] ()
2025-05-27 23:28:50,650 - sqlalchemy.engine.Engine - INFO - show standard_conforming_strings
2025-05-27 23:28:50,650 - sqlalchemy.engine.Engine - INFO - [raw sql] ()
2025-05-27 23:28:50,652 - sqlalchemy.engine.Engine - INFO - BEGIN (implicit)
2025-05-27 23:28:50,656 - sqlalchemy.engine.Engine - INFO - SELECT pg_catalog.pg_class.relname 
FROM pg_catalog.pg_class JOIN pg_catalog.pg_namespace ON pg_catalog.pg_namespace.oid = pg_catalog.pg_class.relnamespace 
WHERE pg_catalog.pg_class.relname = $1::VARCHAR AND pg_catalog.pg_class.relkind = ANY (ARRAY[$2::VARCHAR, $3::VARCHAR, $4::VARCHAR, $5::VARCHAR, $6::VARCHAR]) AND pg_catalog.pg_table_is_visible(pg_catalog.pg_class.oid) AND pg_catalog.pg_namespace.nspname != $7::VARCHAR
2025-05-27 23:28:50,657 - sqlalchemy.engine.Engine - INFO - [generated in 0.00098s] ('books', 'r', 'p', 'f', 'v', 'm', 'pg_catalog')
2025-05-27 23:28:50,661 - sqlalchemy.engine.Engine - INFO - 
DROP TABLE books
2025-05-27 23:28:50,662 - sqlalchemy.engine.Engine - INFO - [no key 0.00064s] ()
2025-05-27 23:28:50,667 - sqlalchemy.engine.Engine - INFO - SELECT pg_catalog.pg_class.relname 
FROM pg_catalog.pg_class JOIN pg_catalog.pg_namespace ON pg_catalog.pg_namespace.oid = pg_catalog.pg_class.relnamespace 
WHERE pg_catalog.pg_class.relname = $1::VARCHAR AND pg_catalog.pg_class.relkind = ANY (ARRAY[$2::VARCHAR, $3::VARCHAR, $4::VARCHAR, $5::VARCHAR, $6::VARCHAR]) AND pg_catalog.pg_table_is_visible(pg_catalog.pg_class.oid) AND pg_catalog.pg_namespace.nspname != $7::VARCHAR
2025-05-27 23:28:50,668 - sqlalchemy.engine.Engine - INFO - [cached since 0.01158s ago] ('books', 'r', 'p', 'f', 'v', 'm', 'pg_catalog')
2025-05-27 23:28:50,670 - sqlalchemy.engine.Engine - INFO - 
CREATE TABLE books (
	id SERIAL NOT NULL, 
	title VARCHAR NOT NULL, 
	author VARCHAR NOT NULL, 
	year INTEGER NOT NULL, 
	genre VARCHAR NOT NULL, 
	pages INTEGER NOT NULL, 
	cover_url VARCHAR, 
	description VARCHAR, 
	PRIMARY KEY (id)
)


2025-05-27 23:28:50,671 - sqlalchemy.engine.Engine - INFO - [no key 0.00164s] ()
2025-05-27 23:28:50,690 - sqlalchemy.engine.Engine - INFO - CREATE INDEX ix_books_id ON books (id)
2025-05-27 23:28:50,691 - sqlalchemy.engine.Engine - INFO - [no key 0.00068s] ()
2025-05-27 23:28:50,696 - sqlalchemy.engine.Engine - INFO - COMMIT
2025-05-27 23:28:57,227 - book_catalog - INFO - Фильтрация title=None author=None genre=None limit=10 offset=0
2025-05-27 23:28:57,229 - sqlalchemy.engine.Engine - INFO - BEGIN (implicit)
2025-05-27 23:28:57,231 - sqlalchemy.engine.Engine - INFO - SELECT books.id, books.title, books.author, books.year, books.genre, books.pages, books.cover_url, books.description 
FROM books 
 LIMIT $1::INTEGER
2025-05-27 23:28:57,232 - sqlalchemy.engine.Engine - INFO - [generated in 0.00076s] (10,)
2025-05-27 23:28:57,234 - book_catalog - INFO - Получаем отфильтрованный список книг[]
2025-05-27 23:28:57,235 - sqlalchemy.engine.Engine - INFO - ROLLBACK
2025-05-27 23:28:57,236 - book_catalog - CRITICAL - Необработанная ошибка: 1 validation errors:
  {'type': 'list_type', 'loc': ('response',), 'msg': 'Input should be a valid list', 'input': {'books': []}}
Traceback (most recent call last):
  File "C:\Python\library_catalog_2\venv\Lib\site-packages\starlette\middleware\errors.py", line 165, in __call__
    await self.app(scope, receive, _send)
  File "C:\Python\library_catalog_2\venv\Lib\site-packages\starlette\middleware\exceptions.py", line 62, in __call__
    await wrap_app_handling_exceptions(self.app, conn)(scope, receive, send)
  File "C:\Python\library_catalog_2\venv\Lib\site-packages\starlette\_exception_handler.py", line 53, in wrapped_app
    raise exc
  File "C:\Python\library_catalog_2\venv\Lib\site-packages\starlette\_exception_handler.py", line 42, in wrapped_app
    await app(scope, receive, sender)
  File "C:\Python\library_catalog_2\venv\Lib\site-packages\starlette\routing.py", line 714, in __call__
    await self.middleware_stack(scope, receive, send)
  File "C:\Python\library_catalog_2\venv\Lib\site-packages\starlette\routing.py", line 734, in app
    await route.handle(scope, receive, send)
  File "C:\Python\library_catalog_2\venv\Lib\site-packages\starlette\routing.py", line 288, in handle
    await self.app(scope, receive, send)
  File "C:\Python\library_catalog_2\venv\Lib\site-packages\starlette\routing.py", line 76, in app
    await wrap_app_handling_exceptions(app, request)(scope, receive, send)
  File "C:\Python\library_catalog_2\venv\Lib\site-packages\starlette\_exception_handler.py", line 53, in wrapped_app
    raise exc
  File "C:\Python\library_catalog_2\venv\Lib\site-packages\starlette\_exception_handler.py", line 42, in wrapped_app
    await app(scope, receive, sender)
  File "C:\Python\library_catalog_2\venv\Lib\site-packages\starlette\routing.py", line 73, in app
    response = await f(request)
               ^^^^^^^^^^^^^^^^
  File "C:\Python\library_catalog_2\venv\Lib\site-packages\fastapi\routing.py", line 327, in app
    content = await serialize_response(
              ^^^^^^^^^^^^^^^^^^^^^^^^^
  File "C:\Python\library_catalog_2\venv\Lib\site-packages\fastapi\routing.py", line 176, in serialize_response
    raise ResponseValidationError(
fastapi.exceptions.ResponseValidationError: 1 validation errors:
  {'type': 'list_type', 'loc': ('response',), 'msg': 'Input should be a valid list', 'input': {'books': []}}

2025-05-27 23:29:09,763 - httpx - INFO - HTTP Request: GET https://api.jsonbin.io/v3/b/682bbc1f8561e97a5017996e "HTTP/1.1 200 OK"
2025-05-27 23:29:09,767 - book_catalog - INFO - Создания книги: 'harry potter' | Хранилище: postgres
2025-05-27 23:29:10,867 - httpx - INFO - HTTP Request: GET https://openlibrary.org/search.json?q=title%3Aharry+potter&limit=1 "HTTP/1.1 200 OK"
2025-05-27 23:29:11,999 - httpx - INFO - HTTP Request: GET https://openlibrary.org/works/OL82563W.json "HTTP/1.1 200 OK"
2025-05-27 23:29:12,002 - sqlalchemy.engine.Engine - INFO - BEGIN (implicit)
2025-05-27 23:29:12,007 - sqlalchemy.engine.Engine - INFO - INSERT INTO books (title, author, year, genre, pages, cover_url, description) VALUES ($1::VARCHAR, $2::VARCHAR, $3::INTEGER, $4::VARCHAR, $5::INTEGER, $6::VARCHAR, $7::VARCHAR) RETURNING books.id
2025-05-27 23:29:12,008 - sqlalchemy.engine.Engine - INFO - [generated in 0.00164s] ('harry potter', 'J.K', 1997, 'Ph', 3000, 'https://covers.openlibrary.org/b/id/10521270-L.jpg', 'Harry Potter #1\r\n\r\nWhen mysterious letters start arriving on his doorstep, Harry Potter has never heard of Hogwarts School of Witchcraft and Wiza ... (255 characters truncated) ... st of the Harry Potter adventures is set to begin.\r\n([source][1])\r\n\r\n\r\n  [1]: https://www.jkrowling.com/book/harry-potter-philosophers-stone/')
2025-05-27 23:29:12,017 - sqlalchemy.engine.Engine - INFO - COMMIT
2025-05-27 23:29:12,020 - sqlalchemy.engine.Engine - INFO - BEGIN (implicit)
2025-05-27 23:29:12,024 - sqlalchemy.engine.Engine - INFO - SELECT books.id, books.title, books.author, books.year, books.genre, books.pages, books.cover_url, books.description 
FROM books 
WHERE books.id = $1::INTEGER
2025-05-27 23:29:12,026 - sqlalchemy.engine.Engine - INFO - [generated in 0.00205s] (1,)
2025-05-27 23:29:12,030 - book_catalog - INFO - Книга создана: <models.books.BookRepository object at 0x0000029F038C5490>
2025-05-27 23:29:12,031 - sqlalchemy.engine.Engine - INFO - ROLLBACK
2025-05-27 23:29:18,018 - book_catalog - INFO - Фильтрация title=None author=None genre=None limit=10 offset=0
2025-05-27 23:29:18,020 - sqlalchemy.engine.Engine - INFO - BEGIN (implicit)
2025-05-27 23:29:18,020 - sqlalchemy.engine.Engine - INFO - SELECT books.id, books.title, books.author, books.year, books.genre, books.pages, books.cover_url, books.description 
FROM books 
 LIMIT $1::INTEGER
2025-05-27 23:29:18,023 - sqlalchemy.engine.Engine - INFO - [cached since 20.79s ago] (10,)
2025-05-27 23:29:18,025 - book_catalog - INFO - Получаем отфильтрованный список книг[<models.books.BookRepository object at 0x0000029F0392D2B0>]
2025-05-27 23:29:18,025 - sqlalchemy.engine.Engine - INFO - ROLLBACK
2025-05-27 23:29:18,027 - book_catalog - CRITICAL - Необработанная ошибка: 1 validation errors:
  {'type': 'list_type', 'loc': ('response',), 'msg': 'Input should be a valid list', 'input': {'books': [<models.books.BookRepository object at 0x0000029F0392D2B0>]}}
Traceback (most recent call last):
  File "C:\Python\library_catalog_2\venv\Lib\site-packages\starlette\middleware\errors.py", line 165, in __call__
    await self.app(scope, receive, _send)
  File "C:\Python\library_catalog_2\venv\Lib\site-packages\starlette\middleware\exceptions.py", line 62, in __call__
    await wrap_app_handling_exceptions(self.app, conn)(scope, receive, send)
  File "C:\Python\library_catalog_2\venv\Lib\site-packages\starlette\_exception_handler.py", line 53, in wrapped_app
    raise exc
  File "C:\Python\library_catalog_2\venv\Lib\site-packages\starlette\_exception_handler.py", line 42, in wrapped_app
    await app(scope, receive, sender)
  File "C:\Python\library_catalog_2\venv\Lib\site-packages\starlette\routing.py", line 714, in __call__
    await self.middleware_stack(scope, receive, send)
  File "C:\Python\library_catalog_2\venv\Lib\site-packages\starlette\routing.py", line 734, in app
    await route.handle(scope, receive, send)
  File "C:\Python\library_catalog_2\venv\Lib\site-packages\starlette\routing.py", line 288, in handle
    await self.app(scope, receive, send)
  File "C:\Python\library_catalog_2\venv\Lib\site-packages\starlette\routing.py", line 76, in app
    await wrap_app_handling_exceptions(app, request)(scope, receive, send)
  File "C:\Python\library_catalog_2\venv\Lib\site-packages\starlette\_exception_handler.py", line 53, in wrapped_app
    raise exc
  File "C:\Python\library_catalog_2\venv\Lib\site-packages\starlette\_exception_handler.py", line 42, in wrapped_app
    await app(scope, receive, sender)
  File "C:\Python\library_catalog_2\venv\Lib\site-packages\starlette\routing.py", line 73, in app
    response = await f(request)
               ^^^^^^^^^^^^^^^^
  File "C:\Python\library_catalog_2\venv\Lib\site-packages\fastapi\routing.py", line 327, in app
    content = await serialize_response(
              ^^^^^^^^^^^^^^^^^^^^^^^^^
  File "C:\Python\library_catalog_2\venv\Lib\site-packages\fastapi\routing.py", line 176, in serialize_response
    raise ResponseValidationError(
fastapi.exceptions.ResponseValidationError: 1 validation errors:
  {'type': 'list_type', 'loc': ('response',), 'msg': 'Input should be a valid list', 'input': {'books': [<models.books.BookRepository object at 0x0000029F0392D2B0>]}}

2025-05-27 23:29:35,735 - sqlalchemy.engine.Engine - INFO - select pg_catalog.version()
2025-05-27 23:29:35,736 - sqlalchemy.engine.Engine - INFO - [raw sql] ()
2025-05-27 23:29:35,738 - sqlalchemy.engine.Engine - INFO - select current_schema()
2025-05-27 23:29:35,738 - sqlalchemy.engine.Engine - INFO - [raw sql] ()
2025-05-27 23:29:35,740 - sqlalchemy.engine.Engine - INFO - show standard_conforming_strings
2025-05-27 23:29:35,740 - sqlalchemy.engine.Engine - INFO - [raw sql] ()
2025-05-27 23:29:35,742 - sqlalchemy.engine.Engine - INFO - BEGIN (implicit)
2025-05-27 23:29:35,747 - sqlalchemy.engine.Engine - INFO - SELECT pg_catalog.pg_class.relname 
FROM pg_catalog.pg_class JOIN pg_catalog.pg_namespace ON pg_catalog.pg_namespace.oid = pg_catalog.pg_class.relnamespace 
WHERE pg_catalog.pg_class.relname = $1::VARCHAR AND pg_catalog.pg_class.relkind = ANY (ARRAY[$2::VARCHAR, $3::VARCHAR, $4::VARCHAR, $5::VARCHAR, $6::VARCHAR]) AND pg_catalog.pg_table_is_visible(pg_catalog.pg_class.oid) AND pg_catalog.pg_namespace.nspname != $7::VARCHAR
2025-05-27 23:29:35,748 - sqlalchemy.engine.Engine - INFO - [generated in 0.00136s] ('books', 'r', 'p', 'f', 'v', 'm', 'pg_catalog')
2025-05-27 23:29:35,763 - sqlalchemy.engine.Engine - INFO - 
DROP TABLE books
2025-05-27 23:29:35,764 - sqlalchemy.engine.Engine - INFO - [no key 0.00069s] ()
2025-05-27 23:29:35,768 - sqlalchemy.engine.Engine - INFO - SELECT pg_catalog.pg_class.relname 
FROM pg_catalog.pg_class JOIN pg_catalog.pg_namespace ON pg_catalog.pg_namespace.oid = pg_catalog.pg_class.relnamespace 
WHERE pg_catalog.pg_class.relname = $1::VARCHAR AND pg_catalog.pg_class.relkind = ANY (ARRAY[$2::VARCHAR, $3::VARCHAR, $4::VARCHAR, $5::VARCHAR, $6::VARCHAR]) AND pg_catalog.pg_table_is_visible(pg_catalog.pg_class.oid) AND pg_catalog.pg_namespace.nspname != $7::VARCHAR
2025-05-27 23:29:35,769 - sqlalchemy.engine.Engine - INFO - [cached since 0.02272s ago] ('books', 'r', 'p', 'f', 'v', 'm', 'pg_catalog')
2025-05-27 23:29:35,771 - sqlalchemy.engine.Engine - INFO - 
CREATE TABLE books (
	id SERIAL NOT NULL, 
	title VARCHAR NOT NULL, 
	author VARCHAR NOT NULL, 
	year INTEGER NOT NULL, 
	genre VARCHAR NOT NULL, 
	pages INTEGER NOT NULL, 
	cover_url VARCHAR, 
	description VARCHAR, 
	PRIMARY KEY (id)
)


2025-05-27 23:29:35,773 - sqlalchemy.engine.Engine - INFO - [no key 0.00160s] ()
2025-05-27 23:29:35,795 - sqlalchemy.engine.Engine - INFO - CREATE INDEX ix_books_id ON books (id)
2025-05-27 23:29:35,795 - sqlalchemy.engine.Engine - INFO - [no key 0.00076s] ()
2025-05-27 23:29:35,800 - sqlalchemy.engine.Engine - INFO - COMMIT
2025-05-27 23:29:41,332 - httpx - INFO - HTTP Request: GET https://api.jsonbin.io/v3/b/682bbc1f8561e97a5017996e "HTTP/1.1 200 OK"
2025-05-27 23:29:41,347 - book_catalog - INFO - Создания книги: 'harry potter' | Хранилище: postgres
2025-05-27 23:29:42,533 - httpx - INFO - HTTP Request: GET https://openlibrary.org/search.json?q=title%3Aharry+potter&limit=1 "HTTP/1.1 200 OK"
2025-05-27 23:29:43,647 - httpx - INFO - HTTP Request: GET https://openlibrary.org/works/OL82563W.json "HTTP/1.1 200 OK"
2025-05-27 23:29:43,662 - sqlalchemy.engine.Engine - INFO - BEGIN (implicit)
2025-05-27 23:29:43,667 - sqlalchemy.engine.Engine - INFO - INSERT INTO books (title, author, year, genre, pages, cover_url, description) VALUES ($1::VARCHAR, $2::VARCHAR, $3::INTEGER, $4::VARCHAR, $5::INTEGER, $6::VARCHAR, $7::VARCHAR) RETURNING books.id
2025-05-27 23:29:43,668 - sqlalchemy.engine.Engine - INFO - [generated in 0.00173s] ('harry potter', 'J.K', 1997, 'Ph', 3000, 'https://covers.openlibrary.org/b/id/10521270-L.jpg', 'Harry Potter #1\r\n\r\nWhen mysterious letters start arriving on his doorstep, Harry Potter has never heard of Hogwarts School of Witchcraft and Wiza ... (255 characters truncated) ... st of the Harry Potter adventures is set to begin.\r\n([source][1])\r\n\r\n\r\n  [1]: https://www.jkrowling.com/book/harry-potter-philosophers-stone/')
2025-05-27 23:29:43,676 - sqlalchemy.engine.Engine - INFO - COMMIT
2025-05-27 23:29:43,679 - sqlalchemy.engine.Engine - INFO - BEGIN (implicit)
2025-05-27 23:29:43,682 - sqlalchemy.engine.Engine - INFO - SELECT books.id, books.title, books.author, books.year, books.genre, books.pages, books.cover_url, books.description 
FROM books 
WHERE books.id = $1::INTEGER
2025-05-27 23:29:43,682 - sqlalchemy.engine.Engine - INFO - [generated in 0.00082s] (1,)
2025-05-27 23:29:43,684 - book_catalog - INFO - Книга создана: <models.books.BookRepository object at 0x0000028D0DD07DA0>
2025-05-27 23:29:43,685 - sqlalchemy.engine.Engine - INFO - ROLLBACK
2025-05-27 23:29:48,647 - book_catalog - INFO - Фильтрация title=None author=None genre=None limit=10 offset=0
2025-05-27 23:29:48,649 - sqlalchemy.engine.Engine - INFO - BEGIN (implicit)
2025-05-27 23:29:48,652 - sqlalchemy.engine.Engine - INFO - SELECT books.id, books.title, books.author, books.year, books.genre, books.pages, books.cover_url, books.description 
FROM books 
 LIMIT $1::INTEGER
2025-05-27 23:29:48,653 - sqlalchemy.engine.Engine - INFO - [generated in 0.00109s] (10,)
2025-05-27 23:29:48,656 - book_catalog - INFO - Получаем отфильтрованный список книг[<models.books.BookRepository object at 0x0000028D0DD34E90>]
2025-05-27 23:29:48,657 - sqlalchemy.engine.Engine - INFO - ROLLBACK
2025-05-27 23:33:10,960 - sqlalchemy.engine.Engine - INFO - select pg_catalog.version()
2025-05-27 23:33:10,961 - sqlalchemy.engine.Engine - INFO - [raw sql] ()
2025-05-27 23:33:10,963 - sqlalchemy.engine.Engine - INFO - select current_schema()
2025-05-27 23:33:10,963 - sqlalchemy.engine.Engine - INFO - [raw sql] ()
2025-05-27 23:33:10,965 - sqlalchemy.engine.Engine - INFO - show standard_conforming_strings
2025-05-27 23:33:10,965 - sqlalchemy.engine.Engine - INFO - [raw sql] ()
2025-05-27 23:33:10,967 - sqlalchemy.engine.Engine - INFO - BEGIN (implicit)
2025-05-27 23:33:10,971 - sqlalchemy.engine.Engine - INFO - SELECT pg_catalog.pg_class.relname 
FROM pg_catalog.pg_class JOIN pg_catalog.pg_namespace ON pg_catalog.pg_namespace.oid = pg_catalog.pg_class.relnamespace 
WHERE pg_catalog.pg_class.relname = $1::VARCHAR AND pg_catalog.pg_class.relkind = ANY (ARRAY[$2::VARCHAR, $3::VARCHAR, $4::VARCHAR, $5::VARCHAR, $6::VARCHAR]) AND pg_catalog.pg_table_is_visible(pg_catalog.pg_class.oid) AND pg_catalog.pg_namespace.nspname != $7::VARCHAR
2025-05-27 23:33:10,973 - sqlalchemy.engine.Engine - INFO - [generated in 0.00238s] ('books', 'r', 'p', 'f', 'v', 'm', 'pg_catalog')
2025-05-27 23:33:10,978 - sqlalchemy.engine.Engine - INFO - 
DROP TABLE books
2025-05-27 23:33:10,979 - sqlalchemy.engine.Engine - INFO - [no key 0.00064s] ()
2025-05-27 23:33:10,983 - sqlalchemy.engine.Engine - INFO - SELECT pg_catalog.pg_class.relname 
FROM pg_catalog.pg_class JOIN pg_catalog.pg_namespace ON pg_catalog.pg_namespace.oid = pg_catalog.pg_class.relnamespace 
WHERE pg_catalog.pg_class.relname = $1::VARCHAR AND pg_catalog.pg_class.relkind = ANY (ARRAY[$2::VARCHAR, $3::VARCHAR, $4::VARCHAR, $5::VARCHAR, $6::VARCHAR]) AND pg_catalog.pg_table_is_visible(pg_catalog.pg_class.oid) AND pg_catalog.pg_namespace.nspname != $7::VARCHAR
2025-05-27 23:33:10,984 - sqlalchemy.engine.Engine - INFO - [cached since 0.01339s ago] ('books', 'r', 'p', 'f', 'v', 'm', 'pg_catalog')
2025-05-27 23:33:10,986 - sqlalchemy.engine.Engine - INFO - 
CREATE TABLE books (
	id SERIAL NOT NULL, 
	title VARCHAR NOT NULL, 
	author VARCHAR NOT NULL, 
	year INTEGER NOT NULL, 
	genre VARCHAR NOT NULL, 
	pages INTEGER NOT NULL, 
	cover_url VARCHAR, 
	description VARCHAR, 
	PRIMARY KEY (id)
)


2025-05-27 23:33:10,988 - sqlalchemy.engine.Engine - INFO - [no key 0.00183s] ()
2025-05-27 23:33:10,999 - sqlalchemy.engine.Engine - INFO - CREATE INDEX ix_books_id ON books (id)
2025-05-27 23:33:11,000 - sqlalchemy.engine.Engine - INFO - [no key 0.00055s] ()
2025-05-27 23:33:11,004 - sqlalchemy.engine.Engine - INFO - COMMIT
2025-05-27 23:34:51,733 - sqlalchemy.engine.Engine - INFO - select pg_catalog.version()
2025-05-27 23:34:51,734 - sqlalchemy.engine.Engine - INFO - [raw sql] ()
2025-05-27 23:34:51,736 - sqlalchemy.engine.Engine - INFO - select current_schema()
2025-05-27 23:34:51,736 - sqlalchemy.engine.Engine - INFO - [raw sql] ()
2025-05-27 23:34:51,738 - sqlalchemy.engine.Engine - INFO - show standard_conforming_strings
2025-05-27 23:34:51,738 - sqlalchemy.engine.Engine - INFO - [raw sql] ()
2025-05-27 23:34:51,740 - sqlalchemy.engine.Engine - INFO - BEGIN (implicit)
2025-05-27 23:34:51,744 - sqlalchemy.engine.Engine - INFO - SELECT pg_catalog.pg_class.relname 
FROM pg_catalog.pg_class JOIN pg_catalog.pg_namespace ON pg_catalog.pg_namespace.oid = pg_catalog.pg_class.relnamespace 
WHERE pg_catalog.pg_class.relname = $1::VARCHAR AND pg_catalog.pg_class.relkind = ANY (ARRAY[$2::VARCHAR, $3::VARCHAR, $4::VARCHAR, $5::VARCHAR, $6::VARCHAR]) AND pg_catalog.pg_table_is_visible(pg_catalog.pg_class.oid) AND pg_catalog.pg_namespace.nspname != $7::VARCHAR
2025-05-27 23:34:51,745 - sqlalchemy.engine.Engine - INFO - [generated in 0.00102s] ('books', 'r', 'p', 'f', 'v', 'm', 'pg_catalog')
2025-05-27 23:34:51,749 - sqlalchemy.engine.Engine - INFO - 
DROP TABLE books
2025-05-27 23:34:51,750 - sqlalchemy.engine.Engine - INFO - [no key 0.00099s] ()
2025-05-27 23:34:51,754 - sqlalchemy.engine.Engine - INFO - SELECT pg_catalog.pg_class.relname 
FROM pg_catalog.pg_class JOIN pg_catalog.pg_namespace ON pg_catalog.pg_namespace.oid = pg_catalog.pg_class.relnamespace 
WHERE pg_catalog.pg_class.relname = $1::VARCHAR AND pg_catalog.pg_class.relkind = ANY (ARRAY[$2::VARCHAR, $3::VARCHAR, $4::VARCHAR, $5::VARCHAR, $6::VARCHAR]) AND pg_catalog.pg_table_is_visible(pg_catalog.pg_class.oid) AND pg_catalog.pg_namespace.nspname != $7::VARCHAR
2025-05-27 23:34:51,755 - sqlalchemy.engine.Engine - INFO - [cached since 0.01107s ago] ('books', 'r', 'p', 'f', 'v', 'm', 'pg_catalog')
2025-05-27 23:34:51,757 - sqlalchemy.engine.Engine - INFO - 
CREATE TABLE books (
	id SERIAL NOT NULL, 
	title VARCHAR NOT NULL, 
	author VARCHAR NOT NULL, 
	year INTEGER NOT NULL, 
	genre VARCHAR NOT NULL, 
	pages INTEGER NOT NULL, 
	cover_url VARCHAR, 
	description VARCHAR, 
	PRIMARY KEY (id)
)


2025-05-27 23:34:51,759 - sqlalchemy.engine.Engine - INFO - [no key 0.00158s] ()
2025-05-27 23:34:51,769 - sqlalchemy.engine.Engine - INFO - CREATE INDEX ix_books_id ON books (id)
2025-05-27 23:34:51,769 - sqlalchemy.engine.Engine - INFO - [no key 0.00051s] ()
2025-05-27 23:34:51,774 - sqlalchemy.engine.Engine - INFO - COMMIT
2025-05-27 23:35:00,648 - httpx - INFO - HTTP Request: GET https://api.jsonbin.io/v3/b/682bbc1f8561e97a5017996e "HTTP/1.1 200 OK"
2025-05-27 23:35:00,662 - book_catalog - INFO - Создания книги: 'harry potter' | Хранилище: postgres
2025-05-27 23:35:02,815 - httpx - INFO - HTTP Request: GET https://openlibrary.org/search.json?q=title%3Aharry+potter&limit=1 "HTTP/1.1 200 OK"
2025-05-27 23:35:03,914 - httpx - INFO - HTTP Request: GET https://openlibrary.org/works/OL82563W.json "HTTP/1.1 200 OK"
2025-05-27 23:35:03,930 - sqlalchemy.engine.Engine - INFO - BEGIN (implicit)
2025-05-27 23:35:03,934 - sqlalchemy.engine.Engine - INFO - INSERT INTO books (title, author, year, genre, pages, cover_url, description) VALUES ($1::VARCHAR, $2::VARCHAR, $3::INTEGER, $4::VARCHAR, $5::INTEGER, $6::VARCHAR, $7::VARCHAR) RETURNING books.id
2025-05-27 23:35:03,936 - sqlalchemy.engine.Engine - INFO - [generated in 0.00219s] ('harry potter', 'J.K', 1997, 'Ph', 3000, 'https://covers.openlibrary.org/b/id/10521270-L.jpg', 'Harry Potter #1\r\n\r\nWhen mysterious letters start arriving on his doorstep, Harry Potter has never heard of Hogwarts School of Witchcraft and Wiza ... (255 characters truncated) ... st of the Harry Potter adventures is set to begin.\r\n([source][1])\r\n\r\n\r\n  [1]: https://www.jkrowling.com/book/harry-potter-philosophers-stone/')
2025-05-27 23:35:03,944 - sqlalchemy.engine.Engine - INFO - COMMIT
2025-05-27 23:35:03,947 - sqlalchemy.engine.Engine - INFO - BEGIN (implicit)
2025-05-27 23:35:03,954 - sqlalchemy.engine.Engine - INFO - SELECT books.id, books.title, books.author, books.year, books.genre, books.pages, books.cover_url, books.description 
FROM books 
WHERE books.id = $1::INTEGER
2025-05-27 23:35:03,956 - sqlalchemy.engine.Engine - INFO - [generated in 0.00181s] (1,)
2025-05-27 23:35:03,959 - book_catalog - INFO - Книга создана: <models.books.BookRepository object at 0x000001471336CA40>
2025-05-27 23:35:03,960 - sqlalchemy.engine.Engine - INFO - ROLLBACK
2025-05-27 23:35:11,834 - book_catalog - INFO - Поиск книги по ID: 1
2025-05-27 23:35:11,836 - sqlalchemy.engine.Engine - INFO - BEGIN (implicit)
2025-05-27 23:35:11,838 - sqlalchemy.engine.Engine - INFO - SELECT books.id, books.title, books.author, books.year, books.genre, books.pages, books.cover_url, books.description 
FROM books 
WHERE books.id = $1::INTEGER
2025-05-27 23:35:11,839 - sqlalchemy.engine.Engine - INFO - [generated in 0.00134s] (1,)
2025-05-27 23:35:11,841 - book_catalog - INFO - Получаем книгу по ID: <models.books.BookRepository object at 0x00000147133ED2B0>
2025-05-27 23:35:11,842 - sqlalchemy.engine.Engine - INFO - ROLLBACK
2025-05-27 23:35:11,843 - book_catalog - CRITICAL - Необработанная ошибка: 1 validation errors:
  {'type': 'enum', 'loc': ('response', 'availability'), 'msg': "Input should be 'available' or 'borrowed'", 'input': True, 'ctx': {'expected': "'available' or 'borrowed'"}}
Traceback (most recent call last):
  File "C:\Python\library_catalog_2\venv\Lib\site-packages\starlette\middleware\errors.py", line 165, in __call__
    await self.app(scope, receive, _send)
  File "C:\Python\library_catalog_2\venv\Lib\site-packages\starlette\middleware\exceptions.py", line 62, in __call__
    await wrap_app_handling_exceptions(self.app, conn)(scope, receive, send)
  File "C:\Python\library_catalog_2\venv\Lib\site-packages\starlette\_exception_handler.py", line 53, in wrapped_app
    raise exc
  File "C:\Python\library_catalog_2\venv\Lib\site-packages\starlette\_exception_handler.py", line 42, in wrapped_app
    await app(scope, receive, sender)
  File "C:\Python\library_catalog_2\venv\Lib\site-packages\starlette\routing.py", line 714, in __call__
    await self.middleware_stack(scope, receive, send)
  File "C:\Python\library_catalog_2\venv\Lib\site-packages\starlette\routing.py", line 734, in app
    await route.handle(scope, receive, send)
  File "C:\Python\library_catalog_2\venv\Lib\site-packages\starlette\routing.py", line 288, in handle
    await self.app(scope, receive, send)
  File "C:\Python\library_catalog_2\venv\Lib\site-packages\starlette\routing.py", line 76, in app
    await wrap_app_handling_exceptions(app, request)(scope, receive, send)
  File "C:\Python\library_catalog_2\venv\Lib\site-packages\starlette\_exception_handler.py", line 53, in wrapped_app
    raise exc
  File "C:\Python\library_catalog_2\venv\Lib\site-packages\starlette\_exception_handler.py", line 42, in wrapped_app
    await app(scope, receive, sender)
  File "C:\Python\library_catalog_2\venv\Lib\site-packages\starlette\routing.py", line 73, in app
    response = await f(request)
               ^^^^^^^^^^^^^^^^
  File "C:\Python\library_catalog_2\venv\Lib\site-packages\fastapi\routing.py", line 327, in app
    content = await serialize_response(
              ^^^^^^^^^^^^^^^^^^^^^^^^^
  File "C:\Python\library_catalog_2\venv\Lib\site-packages\fastapi\routing.py", line 176, in serialize_response
    raise ResponseValidationError(
fastapi.exceptions.ResponseValidationError: 1 validation errors:
  {'type': 'enum', 'loc': ('response', 'availability'), 'msg': "Input should be 'available' or 'borrowed'", 'input': True, 'ctx': {'expected': "'available' or 'borrowed'"}}

2025-05-27 23:41:25,131 - sqlalchemy.engine.Engine - INFO - select pg_catalog.version()
2025-05-27 23:41:25,132 - sqlalchemy.engine.Engine - INFO - [raw sql] ()
2025-05-27 23:41:25,134 - sqlalchemy.engine.Engine - INFO - select current_schema()
2025-05-27 23:41:25,134 - sqlalchemy.engine.Engine - INFO - [raw sql] ()
2025-05-27 23:41:25,136 - sqlalchemy.engine.Engine - INFO - show standard_conforming_strings
2025-05-27 23:41:25,136 - sqlalchemy.engine.Engine - INFO - [raw sql] ()
2025-05-27 23:41:25,138 - sqlalchemy.engine.Engine - INFO - BEGIN (implicit)
2025-05-27 23:41:25,143 - sqlalchemy.engine.Engine - INFO - SELECT pg_catalog.pg_class.relname 
FROM pg_catalog.pg_class JOIN pg_catalog.pg_namespace ON pg_catalog.pg_namespace.oid = pg_catalog.pg_class.relnamespace 
WHERE pg_catalog.pg_class.relname = $1::VARCHAR AND pg_catalog.pg_class.relkind = ANY (ARRAY[$2::VARCHAR, $3::VARCHAR, $4::VARCHAR, $5::VARCHAR, $6::VARCHAR]) AND pg_catalog.pg_table_is_visible(pg_catalog.pg_class.oid) AND pg_catalog.pg_namespace.nspname != $7::VARCHAR
2025-05-27 23:41:25,144 - sqlalchemy.engine.Engine - INFO - [generated in 0.00161s] ('books', 'r', 'p', 'f', 'v', 'm', 'pg_catalog')
2025-05-27 23:41:25,148 - sqlalchemy.engine.Engine - INFO - 
DROP TABLE books
2025-05-27 23:41:25,148 - sqlalchemy.engine.Engine - INFO - [no key 0.00065s] ()
2025-05-27 23:41:25,153 - sqlalchemy.engine.Engine - INFO - SELECT pg_catalog.pg_class.relname 
FROM pg_catalog.pg_class JOIN pg_catalog.pg_namespace ON pg_catalog.pg_namespace.oid = pg_catalog.pg_class.relnamespace 
WHERE pg_catalog.pg_class.relname = $1::VARCHAR AND pg_catalog.pg_class.relkind = ANY (ARRAY[$2::VARCHAR, $3::VARCHAR, $4::VARCHAR, $5::VARCHAR, $6::VARCHAR]) AND pg_catalog.pg_table_is_visible(pg_catalog.pg_class.oid) AND pg_catalog.pg_namespace.nspname != $7::VARCHAR
2025-05-27 23:41:25,154 - sqlalchemy.engine.Engine - INFO - [cached since 0.01146s ago] ('books', 'r', 'p', 'f', 'v', 'm', 'pg_catalog')
2025-05-27 23:41:25,156 - sqlalchemy.engine.Engine - INFO - 
CREATE TABLE books (
	id SERIAL NOT NULL, 
	title VARCHAR NOT NULL, 
	author VARCHAR NOT NULL, 
	year INTEGER NOT NULL, 
	genre VARCHAR NOT NULL, 
	pages INTEGER NOT NULL, 
	cover_url VARCHAR, 
	description VARCHAR, 
	PRIMARY KEY (id)
)


2025-05-27 23:41:25,158 - sqlalchemy.engine.Engine - INFO - [no key 0.00170s] ()
2025-05-27 23:41:25,169 - sqlalchemy.engine.Engine - INFO - CREATE INDEX ix_books_id ON books (id)
2025-05-27 23:41:25,170 - sqlalchemy.engine.Engine - INFO - [no key 0.00055s] ()
2025-05-27 23:41:25,175 - sqlalchemy.engine.Engine - INFO - COMMIT
2025-05-27 23:41:34,421 - httpx - INFO - HTTP Request: GET https://api.jsonbin.io/v3/b/682bbc1f8561e97a5017996e "HTTP/1.1 200 OK"
2025-05-27 23:41:34,436 - book_catalog - INFO - Создания книги: 'harry potter' | Хранилище: postgres
2025-05-27 23:41:35,551 - httpx - INFO - HTTP Request: GET https://openlibrary.org/search.json?q=title%3Aharry+potter&limit=1 "HTTP/1.1 200 OK"
2025-05-27 23:41:36,607 - httpx - INFO - HTTP Request: GET https://openlibrary.org/works/OL82563W.json "HTTP/1.1 200 OK"
2025-05-27 23:41:36,631 - sqlalchemy.engine.Engine - INFO - BEGIN (implicit)
2025-05-27 23:41:36,635 - sqlalchemy.engine.Engine - INFO - INSERT INTO books (title, author, year, genre, pages, cover_url, description) VALUES ($1::VARCHAR, $2::VARCHAR, $3::INTEGER, $4::VARCHAR, $5::INTEGER, $6::VARCHAR, $7::VARCHAR) RETURNING books.id
2025-05-27 23:41:36,636 - sqlalchemy.engine.Engine - INFO - [generated in 0.00148s] ('harry potter', 'J.K', 1997, 'Ph', 3000, 'https://covers.openlibrary.org/b/id/10521270-L.jpg', 'Harry Potter #1\r\n\r\nWhen mysterious letters start arriving on his doorstep, Harry Potter has never heard of Hogwarts School of Witchcraft and Wiza ... (255 characters truncated) ... st of the Harry Potter adventures is set to begin.\r\n([source][1])\r\n\r\n\r\n  [1]: https://www.jkrowling.com/book/harry-potter-philosophers-stone/')
2025-05-27 23:41:36,642 - sqlalchemy.engine.Engine - INFO - COMMIT
2025-05-27 23:41:36,646 - sqlalchemy.engine.Engine - INFO - BEGIN (implicit)
2025-05-27 23:41:36,650 - sqlalchemy.engine.Engine - INFO - SELECT books.id, books.title, books.author, books.year, books.genre, books.pages, books.cover_url, books.description 
FROM books 
WHERE books.id = $1::INTEGER
2025-05-27 23:41:36,652 - sqlalchemy.engine.Engine - INFO - [generated in 0.00221s] (1,)
2025-05-27 23:41:36,656 - book_catalog - INFO - Книга создана: <models.books.BookRepository object at 0x00000175F7B17500>
2025-05-27 23:41:36,658 - sqlalchemy.engine.Engine - INFO - ROLLBACK
2025-05-27 23:41:42,383 - book_catalog - INFO - Поиск книги по ID: 1
2025-05-27 23:41:42,396 - sqlalchemy.engine.Engine - INFO - BEGIN (implicit)
2025-05-27 23:41:42,397 - sqlalchemy.engine.Engine - INFO - SELECT books.id, books.title, books.author, books.year, books.genre, books.pages, books.cover_url, books.description 
FROM books 
WHERE books.id = $1::INTEGER
2025-05-27 23:41:42,400 - sqlalchemy.engine.Engine - INFO - [generated in 0.00307s] (1,)
2025-05-27 23:41:42,402 - book_catalog - INFO - Получаем книгу по ID: <models.books.BookRepository object at 0x00000175F9E6CA10>
2025-05-27 23:41:42,402 - sqlalchemy.engine.Engine - INFO - ROLLBACK
2025-05-27 23:41:42,403 - book_catalog - CRITICAL - Необработанная ошибка: 1 validation errors:
  {'type': 'enum', 'loc': ('response', 'availability'), 'msg': "Input should be 'available' or 'borrowed'", 'input': True, 'ctx': {'expected': "'available' or 'borrowed'"}}
Traceback (most recent call last):
  File "C:\Python\library_catalog_2\venv\Lib\site-packages\starlette\middleware\errors.py", line 165, in __call__
    await self.app(scope, receive, _send)
  File "C:\Python\library_catalog_2\venv\Lib\site-packages\starlette\middleware\exceptions.py", line 62, in __call__
    await wrap_app_handling_exceptions(self.app, conn)(scope, receive, send)
  File "C:\Python\library_catalog_2\venv\Lib\site-packages\starlette\_exception_handler.py", line 53, in wrapped_app
    raise exc
  File "C:\Python\library_catalog_2\venv\Lib\site-packages\starlette\_exception_handler.py", line 42, in wrapped_app
    await app(scope, receive, sender)
  File "C:\Python\library_catalog_2\venv\Lib\site-packages\starlette\routing.py", line 714, in __call__
    await self.middleware_stack(scope, receive, send)
  File "C:\Python\library_catalog_2\venv\Lib\site-packages\starlette\routing.py", line 734, in app
    await route.handle(scope, receive, send)
  File "C:\Python\library_catalog_2\venv\Lib\site-packages\starlette\routing.py", line 288, in handle
    await self.app(scope, receive, send)
  File "C:\Python\library_catalog_2\venv\Lib\site-packages\starlette\routing.py", line 76, in app
    await wrap_app_handling_exceptions(app, request)(scope, receive, send)
  File "C:\Python\library_catalog_2\venv\Lib\site-packages\starlette\_exception_handler.py", line 53, in wrapped_app
    raise exc
  File "C:\Python\library_catalog_2\venv\Lib\site-packages\starlette\_exception_handler.py", line 42, in wrapped_app
    await app(scope, receive, sender)
  File "C:\Python\library_catalog_2\venv\Lib\site-packages\starlette\routing.py", line 73, in app
    response = await f(request)
               ^^^^^^^^^^^^^^^^
  File "C:\Python\library_catalog_2\venv\Lib\site-packages\fastapi\routing.py", line 327, in app
    content = await serialize_response(
              ^^^^^^^^^^^^^^^^^^^^^^^^^
  File "C:\Python\library_catalog_2\venv\Lib\site-packages\fastapi\routing.py", line 176, in serialize_response
    raise ResponseValidationError(
fastapi.exceptions.ResponseValidationError: 1 validation errors:
  {'type': 'enum', 'loc': ('response', 'availability'), 'msg': "Input should be 'available' or 'borrowed'", 'input': True, 'ctx': {'expected': "'available' or 'borrowed'"}}

2025-05-27 23:42:00,015 - sqlalchemy.engine.Engine - INFO - select pg_catalog.version()
2025-05-27 23:42:00,016 - sqlalchemy.engine.Engine - INFO - [raw sql] ()
2025-05-27 23:42:00,018 - sqlalchemy.engine.Engine - INFO - select current_schema()
2025-05-27 23:42:00,019 - sqlalchemy.engine.Engine - INFO - [raw sql] ()
2025-05-27 23:42:00,020 - sqlalchemy.engine.Engine - INFO - show standard_conforming_strings
2025-05-27 23:42:00,020 - sqlalchemy.engine.Engine - INFO - [raw sql] ()
2025-05-27 23:42:00,022 - sqlalchemy.engine.Engine - INFO - BEGIN (implicit)
2025-05-27 23:42:00,026 - sqlalchemy.engine.Engine - INFO - SELECT pg_catalog.pg_class.relname 
FROM pg_catalog.pg_class JOIN pg_catalog.pg_namespace ON pg_catalog.pg_namespace.oid = pg_catalog.pg_class.relnamespace 
WHERE pg_catalog.pg_class.relname = $1::VARCHAR AND pg_catalog.pg_class.relkind = ANY (ARRAY[$2::VARCHAR, $3::VARCHAR, $4::VARCHAR, $5::VARCHAR, $6::VARCHAR]) AND pg_catalog.pg_table_is_visible(pg_catalog.pg_class.oid) AND pg_catalog.pg_namespace.nspname != $7::VARCHAR
2025-05-27 23:42:00,029 - sqlalchemy.engine.Engine - INFO - [generated in 0.00311s] ('books', 'r', 'p', 'f', 'v', 'm', 'pg_catalog')
2025-05-27 23:42:00,034 - sqlalchemy.engine.Engine - INFO - 
DROP TABLE books
2025-05-27 23:42:00,034 - sqlalchemy.engine.Engine - INFO - [no key 0.00064s] ()
2025-05-27 23:42:00,039 - sqlalchemy.engine.Engine - INFO - SELECT pg_catalog.pg_class.relname 
FROM pg_catalog.pg_class JOIN pg_catalog.pg_namespace ON pg_catalog.pg_namespace.oid = pg_catalog.pg_class.relnamespace 
WHERE pg_catalog.pg_class.relname = $1::VARCHAR AND pg_catalog.pg_class.relkind = ANY (ARRAY[$2::VARCHAR, $3::VARCHAR, $4::VARCHAR, $5::VARCHAR, $6::VARCHAR]) AND pg_catalog.pg_table_is_visible(pg_catalog.pg_class.oid) AND pg_catalog.pg_namespace.nspname != $7::VARCHAR
2025-05-27 23:42:00,040 - sqlalchemy.engine.Engine - INFO - [cached since 0.01368s ago] ('books', 'r', 'p', 'f', 'v', 'm', 'pg_catalog')
2025-05-27 23:42:00,042 - sqlalchemy.engine.Engine - INFO - 
CREATE TABLE books (
	id SERIAL NOT NULL, 
	title VARCHAR NOT NULL, 
	author VARCHAR NOT NULL, 
	year INTEGER NOT NULL, 
	genre VARCHAR NOT NULL, 
	pages INTEGER NOT NULL, 
	cover_url VARCHAR, 
	description VARCHAR, 
	PRIMARY KEY (id)
)


2025-05-27 23:42:00,044 - sqlalchemy.engine.Engine - INFO - [no key 0.00170s] ()
2025-05-27 23:42:00,057 - sqlalchemy.engine.Engine - INFO - CREATE INDEX ix_books_id ON books (id)
2025-05-27 23:42:00,058 - sqlalchemy.engine.Engine - INFO - [no key 0.00059s] ()
2025-05-27 23:42:00,063 - sqlalchemy.engine.Engine - INFO - COMMIT
2025-05-27 23:45:46,197 - book_catalog - INFO - Поиск книги по ID: 13
2025-05-27 23:45:47,257 - httpx - INFO - HTTP Request: GET https://api.jsonbin.io/v3/b/682bbc1f8561e97a5017996e "HTTP/1.1 200 OK"
2025-05-27 23:45:47,264 - book_catalog - INFO - Получаем книгу по ID: {'id': 13, 'title': 'harry potter', 'author': 'J. K. Rowling', 'year': 1997, 'genre': 'Ph', 'pages': 3000, 'availability': 'available', 'cover_url': 'https://covers.openlibrary.org/b/id/10521270-L.jpg', 'description': 'Harry Potter #1\r\n\r\nWhen mysterious letters start arriving on his doorstep, Harry Potter has never heard of Hogwarts School of Witchcraft and Wizardry.\r\n\r\nThey are swiftly confiscated by his aunt and uncle.\r\n\r\nThen, on Harry’s eleventh birthday, a strange man bursts in with some important news: Harry Potter is a wizard and has been awarded a place to study at Hogwarts.\r\n\r\nAnd so the first of the Harry Potter adventures is set to begin.\r\n([source][1])\r\n\r\n\r\n  [1]: https://www.jkrowling.com/book/harry-potter-philosophers-stone/'}
2025-05-27 23:46:01,524 - book_catalog - INFO - Поиск книги по ID: 1
2025-05-27 23:46:01,525 - sqlalchemy.engine.Engine - INFO - BEGIN (implicit)
2025-05-27 23:46:01,534 - sqlalchemy.engine.Engine - INFO - SELECT books.id, books.title, books.author, books.year, books.genre, books.pages, books.cover_url, books.description 
FROM books 
WHERE books.id = $1::INTEGER
2025-05-27 23:46:01,535 - sqlalchemy.engine.Engine - INFO - [generated in 0.00098s] (1,)
2025-05-27 23:46:01,538 - book_catalog - INFO - Получаем книгу по ID: None
2025-05-27 23:46:01,539 - sqlalchemy.engine.Engine - INFO - ROLLBACK
2025-05-27 23:46:09,097 - httpx - INFO - HTTP Request: GET https://api.jsonbin.io/v3/b/682bbc1f8561e97a5017996e "HTTP/1.1 200 OK"
2025-05-27 23:46:09,113 - book_catalog - INFO - Создания книги: 'harry potter' | Хранилище: postgres
2025-05-27 23:46:10,237 - httpx - INFO - HTTP Request: GET https://openlibrary.org/search.json?q=title%3Aharry+potter&limit=1 "HTTP/1.1 200 OK"
2025-05-27 23:46:11,317 - httpx - INFO - HTTP Request: GET https://openlibrary.org/works/OL82563W.json "HTTP/1.1 200 OK"
2025-05-27 23:46:11,322 - sqlalchemy.engine.Engine - INFO - BEGIN (implicit)
2025-05-27 23:46:11,329 - sqlalchemy.engine.Engine - INFO - INSERT INTO books (title, author, year, genre, pages, cover_url, description) VALUES ($1::VARCHAR, $2::VARCHAR, $3::INTEGER, $4::VARCHAR, $5::INTEGER, $6::VARCHAR, $7::VARCHAR) RETURNING books.id
2025-05-27 23:46:11,332 - sqlalchemy.engine.Engine - INFO - [generated in 0.00364s] ('harry potter', 'J.K', 1997, 'Ph', 3000, 'https://covers.openlibrary.org/b/id/10521270-L.jpg', 'Harry Potter #1\r\n\r\nWhen mysterious letters start arriving on his doorstep, Harry Potter has never heard of Hogwarts School of Witchcraft and Wiza ... (255 characters truncated) ... st of the Harry Potter adventures is set to begin.\r\n([source][1])\r\n\r\n\r\n  [1]: https://www.jkrowling.com/book/harry-potter-philosophers-stone/')
2025-05-27 23:46:11,356 - sqlalchemy.engine.Engine - INFO - COMMIT
2025-05-27 23:46:11,364 - sqlalchemy.engine.Engine - INFO - BEGIN (implicit)
2025-05-27 23:46:11,368 - sqlalchemy.engine.Engine - INFO - SELECT books.id, books.title, books.author, books.year, books.genre, books.pages, books.cover_url, books.description 
FROM books 
WHERE books.id = $1::INTEGER
2025-05-27 23:46:11,369 - sqlalchemy.engine.Engine - INFO - [generated in 0.00121s] (1,)
2025-05-27 23:46:11,372 - book_catalog - INFO - Книга создана: <models.books.BookRepository object at 0x000002939A1C5550>
2025-05-27 23:46:11,373 - sqlalchemy.engine.Engine - INFO - ROLLBACK
2025-05-27 23:46:17,492 - book_catalog - INFO - Поиск книги по ID: 1
2025-05-27 23:46:17,493 - sqlalchemy.engine.Engine - INFO - BEGIN (implicit)
2025-05-27 23:46:17,494 - sqlalchemy.engine.Engine - INFO - SELECT books.id, books.title, books.author, books.year, books.genre, books.pages, books.cover_url, books.description 
FROM books 
WHERE books.id = $1::INTEGER
2025-05-27 23:46:17,496 - sqlalchemy.engine.Engine - INFO - [cached since 15.96s ago] (1,)
2025-05-27 23:46:17,497 - book_catalog - INFO - Получаем книгу по ID: <models.books.BookRepository object at 0x000002939A697C80>
2025-05-27 23:46:17,498 - sqlalchemy.engine.Engine - INFO - ROLLBACK
2025-05-27 23:46:17,499 - book_catalog - CRITICAL - Необработанная ошибка: 1 validation errors:
  {'type': 'enum', 'loc': ('response', 'availability'), 'msg': "Input should be 'available' or 'borrowed'", 'input': True, 'ctx': {'expected': "'available' or 'borrowed'"}}
Traceback (most recent call last):
  File "C:\Python\library_catalog_2\venv\Lib\site-packages\starlette\middleware\errors.py", line 165, in __call__
    await self.app(scope, receive, _send)
  File "C:\Python\library_catalog_2\venv\Lib\site-packages\starlette\middleware\exceptions.py", line 62, in __call__
    await wrap_app_handling_exceptions(self.app, conn)(scope, receive, send)
  File "C:\Python\library_catalog_2\venv\Lib\site-packages\starlette\_exception_handler.py", line 53, in wrapped_app
    raise exc
  File "C:\Python\library_catalog_2\venv\Lib\site-packages\starlette\_exception_handler.py", line 42, in wrapped_app
    await app(scope, receive, sender)
  File "C:\Python\library_catalog_2\venv\Lib\site-packages\starlette\routing.py", line 714, in __call__
    await self.middleware_stack(scope, receive, send)
  File "C:\Python\library_catalog_2\venv\Lib\site-packages\starlette\routing.py", line 734, in app
    await route.handle(scope, receive, send)
  File "C:\Python\library_catalog_2\venv\Lib\site-packages\starlette\routing.py", line 288, in handle
    await self.app(scope, receive, send)
  File "C:\Python\library_catalog_2\venv\Lib\site-packages\starlette\routing.py", line 76, in app
    await wrap_app_handling_exceptions(app, request)(scope, receive, send)
  File "C:\Python\library_catalog_2\venv\Lib\site-packages\starlette\_exception_handler.py", line 53, in wrapped_app
    raise exc
  File "C:\Python\library_catalog_2\venv\Lib\site-packages\starlette\_exception_handler.py", line 42, in wrapped_app
    await app(scope, receive, sender)
  File "C:\Python\library_catalog_2\venv\Lib\site-packages\starlette\routing.py", line 73, in app
    response = await f(request)
               ^^^^^^^^^^^^^^^^
  File "C:\Python\library_catalog_2\venv\Lib\site-packages\fastapi\routing.py", line 327, in app
    content = await serialize_response(
              ^^^^^^^^^^^^^^^^^^^^^^^^^
  File "C:\Python\library_catalog_2\venv\Lib\site-packages\fastapi\routing.py", line 176, in serialize_response
    raise ResponseValidationError(
fastapi.exceptions.ResponseValidationError: 1 validation errors:
  {'type': 'enum', 'loc': ('response', 'availability'), 'msg': "Input should be 'available' or 'borrowed'", 'input': True, 'ctx': {'expected': "'available' or 'borrowed'"}}

2025-05-27 23:55:58,971 - sqlalchemy.engine.Engine - INFO - select pg_catalog.version()
2025-05-27 23:55:58,971 - sqlalchemy.engine.Engine - INFO - [raw sql] ()
2025-05-27 23:55:58,973 - sqlalchemy.engine.Engine - INFO - select current_schema()
2025-05-27 23:55:58,974 - sqlalchemy.engine.Engine - INFO - [raw sql] ()
2025-05-27 23:55:58,976 - sqlalchemy.engine.Engine - INFO - show standard_conforming_strings
2025-05-27 23:55:58,977 - sqlalchemy.engine.Engine - INFO - [raw sql] ()
2025-05-27 23:55:58,979 - sqlalchemy.engine.Engine - INFO - BEGIN (implicit)
2025-05-27 23:55:58,983 - sqlalchemy.engine.Engine - INFO - SELECT pg_catalog.pg_class.relname 
FROM pg_catalog.pg_class JOIN pg_catalog.pg_namespace ON pg_catalog.pg_namespace.oid = pg_catalog.pg_class.relnamespace 
WHERE pg_catalog.pg_class.relname = $1::VARCHAR AND pg_catalog.pg_class.relkind = ANY (ARRAY[$2::VARCHAR, $3::VARCHAR, $4::VARCHAR, $5::VARCHAR, $6::VARCHAR]) AND pg_catalog.pg_table_is_visible(pg_catalog.pg_class.oid) AND pg_catalog.pg_namespace.nspname != $7::VARCHAR
2025-05-27 23:55:58,984 - sqlalchemy.engine.Engine - INFO - [generated in 0.00154s] ('books', 'r', 'p', 'f', 'v', 'm', 'pg_catalog')
2025-05-27 23:55:58,989 - sqlalchemy.engine.Engine - INFO - 
DROP TABLE books
2025-05-27 23:55:58,989 - sqlalchemy.engine.Engine - INFO - [no key 0.00070s] ()
2025-05-27 23:55:58,994 - sqlalchemy.engine.Engine - INFO - SELECT pg_catalog.pg_class.relname 
FROM pg_catalog.pg_class JOIN pg_catalog.pg_namespace ON pg_catalog.pg_namespace.oid = pg_catalog.pg_class.relnamespace 
WHERE pg_catalog.pg_class.relname = $1::VARCHAR AND pg_catalog.pg_class.relkind = ANY (ARRAY[$2::VARCHAR, $3::VARCHAR, $4::VARCHAR, $5::VARCHAR, $6::VARCHAR]) AND pg_catalog.pg_table_is_visible(pg_catalog.pg_class.oid) AND pg_catalog.pg_namespace.nspname != $7::VARCHAR
2025-05-27 23:55:58,995 - sqlalchemy.engine.Engine - INFO - [cached since 0.01166s ago] ('books', 'r', 'p', 'f', 'v', 'm', 'pg_catalog')
2025-05-27 23:55:58,996 - sqlalchemy.engine.Engine - INFO - 
CREATE TABLE books (
	id SERIAL NOT NULL, 
	title VARCHAR NOT NULL, 
	author VARCHAR NOT NULL, 
	year INTEGER NOT NULL, 
	genre VARCHAR NOT NULL, 
	pages INTEGER NOT NULL, 
	availability VARCHAR(20) NOT NULL, 
	cover_url VARCHAR, 
	description VARCHAR, 
	PRIMARY KEY (id)
)


2025-05-27 23:55:58,998 - sqlalchemy.engine.Engine - INFO - [no key 0.00172s] ()
2025-05-27 23:55:59,009 - sqlalchemy.engine.Engine - INFO - CREATE INDEX ix_books_id ON books (id)
2025-05-27 23:55:59,010 - sqlalchemy.engine.Engine - INFO - [no key 0.00053s] ()
2025-05-27 23:55:59,013 - sqlalchemy.engine.Engine - INFO - COMMIT
2025-05-27 23:56:18,844 - httpx - INFO - HTTP Request: GET https://api.jsonbin.io/v3/b/682bbc1f8561e97a5017996e "HTTP/1.1 200 OK"
2025-05-27 23:56:18,859 - book_catalog - INFO - Создания книги: 'harry potter' | Хранилище: postgres
2025-05-27 23:56:19,914 - httpx - INFO - HTTP Request: GET https://openlibrary.org/search.json?q=title%3Aharry+potter&limit=1 "HTTP/1.1 200 OK"
2025-05-27 23:56:20,972 - httpx - INFO - HTTP Request: GET https://openlibrary.org/works/OL82563W.json "HTTP/1.1 200 OK"
2025-05-27 23:56:20,983 - sqlalchemy.engine.Engine - INFO - BEGIN (implicit)
2025-05-27 23:56:20,987 - sqlalchemy.engine.Engine - INFO - INSERT INTO books (title, author, year, genre, pages, availability, cover_url, description) VALUES ($1::VARCHAR, $2::VARCHAR, $3::INTEGER, $4::VARCHAR, $5::INTEGER, $6::VARCHAR, $7::VARCHAR, $8::VARCHAR) RETURNING books.id
2025-05-27 23:56:20,988 - sqlalchemy.engine.Engine - INFO - [generated in 0.00145s] ('harry potter', 'J.K', 1997, 'Ph', 3000, <AvailabilityStatus.AVAILABLE: 'available'>, 'https://covers.openlibrary.org/b/id/10521270-L.jpg', 'Harry Potter #1\r\n\r\nWhen mysterious letters start arriving on his doorstep, Harry Potter has never heard of Hogwarts School of Witchcraft and Wiza ... (255 characters truncated) ... st of the Harry Potter adventures is set to begin.\r\n([source][1])\r\n\r\n\r\n  [1]: https://www.jkrowling.com/book/harry-potter-philosophers-stone/')
2025-05-27 23:56:21,002 - sqlalchemy.engine.Engine - INFO - COMMIT
2025-05-27 23:56:21,005 - sqlalchemy.engine.Engine - INFO - BEGIN (implicit)
2025-05-27 23:56:21,007 - sqlalchemy.engine.Engine - INFO - SELECT books.id, books.title, books.author, books.year, books.genre, books.pages, books.availability, books.cover_url, books.description 
FROM books 
WHERE books.id = $1::INTEGER
2025-05-27 23:56:21,008 - sqlalchemy.engine.Engine - INFO - [generated in 0.00084s] (1,)
2025-05-27 23:56:21,010 - book_catalog - INFO - Книга создана: <models.books.BookRepository object at 0x00000268CF9D7B90>
2025-05-27 23:56:21,011 - sqlalchemy.engine.Engine - INFO - ROLLBACK
2025-05-27 23:56:37,555 - book_catalog - INFO - Поиск книги по ID: 1
2025-05-27 23:56:37,556 - sqlalchemy.engine.Engine - INFO - BEGIN (implicit)
2025-05-27 23:56:37,558 - sqlalchemy.engine.Engine - INFO - SELECT books.id, books.title, books.author, books.year, books.genre, books.pages, books.availability, books.cover_url, books.description 
FROM books 
WHERE books.id = $1::INTEGER
2025-05-27 23:56:37,559 - sqlalchemy.engine.Engine - INFO - [generated in 0.00151s] (1,)
2025-05-27 23:56:37,562 - book_catalog - INFO - Получаем книгу по ID: <models.books.BookRepository object at 0x00000268CF9F1430>
2025-05-27 23:56:37,563 - sqlalchemy.engine.Engine - INFO - ROLLBACK
2025-05-27 23:57:18,886 - sqlalchemy.engine.Engine - INFO - select pg_catalog.version()
2025-05-27 23:57:18,886 - sqlalchemy.engine.Engine - INFO - [raw sql] ()
2025-05-27 23:57:18,889 - sqlalchemy.engine.Engine - INFO - select current_schema()
2025-05-27 23:57:18,891 - sqlalchemy.engine.Engine - INFO - [raw sql] ()
2025-05-27 23:57:18,893 - sqlalchemy.engine.Engine - INFO - show standard_conforming_strings
2025-05-27 23:57:18,893 - sqlalchemy.engine.Engine - INFO - [raw sql] ()
2025-05-27 23:57:18,895 - sqlalchemy.engine.Engine - INFO - BEGIN (implicit)
2025-05-27 23:57:18,899 - sqlalchemy.engine.Engine - INFO - SELECT pg_catalog.pg_class.relname 
FROM pg_catalog.pg_class JOIN pg_catalog.pg_namespace ON pg_catalog.pg_namespace.oid = pg_catalog.pg_class.relnamespace 
WHERE pg_catalog.pg_class.relname = $1::VARCHAR AND pg_catalog.pg_class.relkind = ANY (ARRAY[$2::VARCHAR, $3::VARCHAR, $4::VARCHAR, $5::VARCHAR, $6::VARCHAR]) AND pg_catalog.pg_table_is_visible(pg_catalog.pg_class.oid) AND pg_catalog.pg_namespace.nspname != $7::VARCHAR
2025-05-27 23:57:18,900 - sqlalchemy.engine.Engine - INFO - [generated in 0.00103s] ('books', 'r', 'p', 'f', 'v', 'm', 'pg_catalog')
2025-05-27 23:57:18,903 - sqlalchemy.engine.Engine - INFO - 
DROP TABLE books
2025-05-27 23:57:18,904 - sqlalchemy.engine.Engine - INFO - [no key 0.00062s] ()
2025-05-27 23:57:18,909 - sqlalchemy.engine.Engine - INFO - SELECT pg_catalog.pg_class.relname 
FROM pg_catalog.pg_class JOIN pg_catalog.pg_namespace ON pg_catalog.pg_namespace.oid = pg_catalog.pg_class.relnamespace 
WHERE pg_catalog.pg_class.relname = $1::VARCHAR AND pg_catalog.pg_class.relkind = ANY (ARRAY[$2::VARCHAR, $3::VARCHAR, $4::VARCHAR, $5::VARCHAR, $6::VARCHAR]) AND pg_catalog.pg_table_is_visible(pg_catalog.pg_class.oid) AND pg_catalog.pg_namespace.nspname != $7::VARCHAR
2025-05-27 23:57:18,910 - sqlalchemy.engine.Engine - INFO - [cached since 0.01133s ago] ('books', 'r', 'p', 'f', 'v', 'm', 'pg_catalog')
2025-05-27 23:57:18,912 - sqlalchemy.engine.Engine - INFO - 
CREATE TABLE books (
	id SERIAL NOT NULL, 
	title VARCHAR NOT NULL, 
	author VARCHAR NOT NULL, 
	year INTEGER NOT NULL, 
	genre VARCHAR NOT NULL, 
	pages INTEGER NOT NULL, 
	availability VARCHAR(20) NOT NULL, 
	cover_url VARCHAR, 
	description VARCHAR, 
	PRIMARY KEY (id)
)


2025-05-27 23:57:18,914 - sqlalchemy.engine.Engine - INFO - [no key 0.00169s] ()
2025-05-27 23:57:18,924 - sqlalchemy.engine.Engine - INFO - CREATE INDEX ix_books_id ON books (id)
2025-05-27 23:57:18,925 - sqlalchemy.engine.Engine - INFO - [no key 0.00056s] ()
2025-05-27 23:57:18,929 - sqlalchemy.engine.Engine - INFO - COMMIT
2025-05-27 23:57:25,134 - httpx - INFO - HTTP Request: GET https://api.jsonbin.io/v3/b/682bbc1f8561e97a5017996e "HTTP/1.1 200 OK"
2025-05-27 23:57:25,143 - book_catalog - INFO - Создания книги: 'harry potter' | Хранилище: postgres
2025-05-27 23:57:26,288 - httpx - INFO - HTTP Request: GET https://openlibrary.org/search.json?q=title%3Aharry+potter&limit=1 "HTTP/1.1 200 OK"
2025-05-27 23:57:27,299 - httpx - INFO - HTTP Request: GET https://openlibrary.org/works/OL82563W.json "HTTP/1.1 200 OK"
2025-05-27 23:57:27,317 - sqlalchemy.engine.Engine - INFO - BEGIN (implicit)
2025-05-27 23:57:27,322 - sqlalchemy.engine.Engine - INFO - INSERT INTO books (title, author, year, genre, pages, availability, cover_url, description) VALUES ($1::VARCHAR, $2::VARCHAR, $3::INTEGER, $4::VARCHAR, $5::INTEGER, $6::VARCHAR, $7::VARCHAR, $8::VARCHAR) RETURNING books.id
2025-05-27 23:57:27,324 - sqlalchemy.engine.Engine - INFO - [generated in 0.00326s] ('harry potter', 'J.K', 1997, 'Ph', 3000, <AvailabilityStatus.AVAILABLE: 'available'>, 'https://covers.openlibrary.org/b/id/10521270-L.jpg', 'Harry Potter #1\r\n\r\nWhen mysterious letters start arriving on his doorstep, Harry Potter has never heard of Hogwarts School of Witchcraft and Wiza ... (255 characters truncated) ... st of the Harry Potter adventures is set to begin.\r\n([source][1])\r\n\r\n\r\n  [1]: https://www.jkrowling.com/book/harry-potter-philosophers-stone/')
2025-05-27 23:57:27,331 - sqlalchemy.engine.Engine - INFO - COMMIT
2025-05-27 23:57:27,334 - sqlalchemy.engine.Engine - INFO - BEGIN (implicit)
2025-05-27 23:57:27,337 - sqlalchemy.engine.Engine - INFO - SELECT books.id, books.title, books.author, books.year, books.genre, books.pages, books.availability, books.cover_url, books.description 
FROM books 
WHERE books.id = $1::INTEGER
2025-05-27 23:57:27,338 - sqlalchemy.engine.Engine - INFO - [generated in 0.00105s] (1,)
2025-05-27 23:57:27,341 - book_catalog - INFO - Книга создана: <models.books.BookRepository object at 0x000001F7A9BF3FE0>
2025-05-27 23:57:27,342 - sqlalchemy.engine.Engine - INFO - ROLLBACK
2025-05-27 23:57:34,132 - book_catalog - INFO - Фильтрация title=None author=None genre=None limit=10 offset=0
2025-05-27 23:57:34,133 - sqlalchemy.engine.Engine - INFO - BEGIN (implicit)
2025-05-27 23:57:34,134 - sqlalchemy.engine.Engine - INFO - SELECT books.id, books.title, books.author, books.year, books.genre, books.pages, books.availability, books.cover_url, books.description 
FROM books 
 LIMIT $1::INTEGER
2025-05-27 23:57:34,136 - sqlalchemy.engine.Engine - INFO - [generated in 0.00131s] (10,)
2025-05-27 23:57:34,138 - book_catalog - INFO - Получаем отфильтрованный список книг[<models.books.BookRepository object at 0x000001F7A9C2CC20>]
2025-05-27 23:57:34,140 - sqlalchemy.engine.Engine - INFO - ROLLBACK
2025-05-27 23:57:34,142 - book_catalog - CRITICAL - Необработанная ошибка: 1 validation errors:
  {'type': 'list_type', 'loc': ('response',), 'msg': 'Input should be a valid list', 'input': {'books': [<models.books.BookRepository object at 0x000001F7A9C2CC20>]}}
Traceback (most recent call last):
  File "C:\Python\library_catalog_2\venv\Lib\site-packages\starlette\middleware\errors.py", line 165, in __call__
    await self.app(scope, receive, _send)
  File "C:\Python\library_catalog_2\venv\Lib\site-packages\starlette\middleware\exceptions.py", line 62, in __call__
    await wrap_app_handling_exceptions(self.app, conn)(scope, receive, send)
  File "C:\Python\library_catalog_2\venv\Lib\site-packages\starlette\_exception_handler.py", line 53, in wrapped_app
    raise exc
  File "C:\Python\library_catalog_2\venv\Lib\site-packages\starlette\_exception_handler.py", line 42, in wrapped_app
    await app(scope, receive, sender)
  File "C:\Python\library_catalog_2\venv\Lib\site-packages\starlette\routing.py", line 714, in __call__
    await self.middleware_stack(scope, receive, send)
  File "C:\Python\library_catalog_2\venv\Lib\site-packages\starlette\routing.py", line 734, in app
    await route.handle(scope, receive, send)
  File "C:\Python\library_catalog_2\venv\Lib\site-packages\starlette\routing.py", line 288, in handle
    await self.app(scope, receive, send)
  File "C:\Python\library_catalog_2\venv\Lib\site-packages\starlette\routing.py", line 76, in app
    await wrap_app_handling_exceptions(app, request)(scope, receive, send)
  File "C:\Python\library_catalog_2\venv\Lib\site-packages\starlette\_exception_handler.py", line 53, in wrapped_app
    raise exc
  File "C:\Python\library_catalog_2\venv\Lib\site-packages\starlette\_exception_handler.py", line 42, in wrapped_app
    await app(scope, receive, sender)
  File "C:\Python\library_catalog_2\venv\Lib\site-packages\starlette\routing.py", line 73, in app
    response = await f(request)
               ^^^^^^^^^^^^^^^^
  File "C:\Python\library_catalog_2\venv\Lib\site-packages\fastapi\routing.py", line 327, in app
    content = await serialize_response(
              ^^^^^^^^^^^^^^^^^^^^^^^^^
  File "C:\Python\library_catalog_2\venv\Lib\site-packages\fastapi\routing.py", line 176, in serialize_response
    raise ResponseValidationError(
fastapi.exceptions.ResponseValidationError: 1 validation errors:
  {'type': 'list_type', 'loc': ('response',), 'msg': 'Input should be a valid list', 'input': {'books': [<models.books.BookRepository object at 0x000001F7A9C2CC20>]}}

2025-05-27 23:59:54,718 - sqlalchemy.engine.Engine - INFO - select pg_catalog.version()
2025-05-27 23:59:54,719 - sqlalchemy.engine.Engine - INFO - [raw sql] ()
2025-05-27 23:59:54,721 - sqlalchemy.engine.Engine - INFO - select current_schema()
2025-05-27 23:59:54,722 - sqlalchemy.engine.Engine - INFO - [raw sql] ()
2025-05-27 23:59:54,723 - sqlalchemy.engine.Engine - INFO - show standard_conforming_strings
2025-05-27 23:59:54,723 - sqlalchemy.engine.Engine - INFO - [raw sql] ()
2025-05-27 23:59:54,725 - sqlalchemy.engine.Engine - INFO - BEGIN (implicit)
2025-05-27 23:59:54,729 - sqlalchemy.engine.Engine - INFO - SELECT pg_catalog.pg_class.relname 
FROM pg_catalog.pg_class JOIN pg_catalog.pg_namespace ON pg_catalog.pg_namespace.oid = pg_catalog.pg_class.relnamespace 
WHERE pg_catalog.pg_class.relname = $1::VARCHAR AND pg_catalog.pg_class.relkind = ANY (ARRAY[$2::VARCHAR, $3::VARCHAR, $4::VARCHAR, $5::VARCHAR, $6::VARCHAR]) AND pg_catalog.pg_table_is_visible(pg_catalog.pg_class.oid) AND pg_catalog.pg_namespace.nspname != $7::VARCHAR
2025-05-27 23:59:54,730 - sqlalchemy.engine.Engine - INFO - [generated in 0.00099s] ('books', 'r', 'p', 'f', 'v', 'm', 'pg_catalog')
2025-05-27 23:59:54,733 - sqlalchemy.engine.Engine - INFO - 
DROP TABLE books
2025-05-27 23:59:54,734 - sqlalchemy.engine.Engine - INFO - [no key 0.00058s] ()
2025-05-27 23:59:54,738 - sqlalchemy.engine.Engine - INFO - SELECT pg_catalog.pg_class.relname 
FROM pg_catalog.pg_class JOIN pg_catalog.pg_namespace ON pg_catalog.pg_namespace.oid = pg_catalog.pg_class.relnamespace 
WHERE pg_catalog.pg_class.relname = $1::VARCHAR AND pg_catalog.pg_class.relkind = ANY (ARRAY[$2::VARCHAR, $3::VARCHAR, $4::VARCHAR, $5::VARCHAR, $6::VARCHAR]) AND pg_catalog.pg_table_is_visible(pg_catalog.pg_class.oid) AND pg_catalog.pg_namespace.nspname != $7::VARCHAR
2025-05-27 23:59:54,739 - sqlalchemy.engine.Engine - INFO - [cached since 0.01071s ago] ('books', 'r', 'p', 'f', 'v', 'm', 'pg_catalog')
2025-05-27 23:59:54,742 - sqlalchemy.engine.Engine - INFO - 
CREATE TABLE books (
	id SERIAL NOT NULL, 
	title VARCHAR NOT NULL, 
	author VARCHAR NOT NULL, 
	year INTEGER NOT NULL, 
	genre VARCHAR NOT NULL, 
	pages INTEGER NOT NULL, 
	availability VARCHAR(20) NOT NULL, 
	cover_url VARCHAR, 
	description VARCHAR, 
	PRIMARY KEY (id)
)


2025-05-27 23:59:54,743 - sqlalchemy.engine.Engine - INFO - [no key 0.00178s] ()
2025-05-27 23:59:54,755 - sqlalchemy.engine.Engine - INFO - CREATE INDEX ix_books_id ON books (id)
2025-05-27 23:59:54,755 - sqlalchemy.engine.Engine - INFO - [no key 0.00050s] ()
2025-05-27 23:59:54,759 - sqlalchemy.engine.Engine - INFO - COMMIT
2025-05-28 00:00:04,074 - httpx - INFO - HTTP Request: GET https://api.jsonbin.io/v3/b/682bbc1f8561e97a5017996e "HTTP/1.1 200 OK"
2025-05-28 00:00:04,084 - book_catalog - INFO - Создания книги: 'harry potter' | Хранилище: postgres
2025-05-28 00:00:05,197 - httpx - INFO - HTTP Request: GET https://openlibrary.org/search.json?q=title%3Aharry+potter&limit=1 "HTTP/1.1 200 OK"
2025-05-28 00:00:06,350 - httpx - INFO - HTTP Request: GET https://openlibrary.org/works/OL82563W.json "HTTP/1.1 200 OK"
2025-05-28 00:00:06,366 - sqlalchemy.engine.Engine - INFO - BEGIN (implicit)
2025-05-28 00:00:06,371 - sqlalchemy.engine.Engine - INFO - INSERT INTO books (title, author, year, genre, pages, availability, cover_url, description) VALUES ($1::VARCHAR, $2::VARCHAR, $3::INTEGER, $4::VARCHAR, $5::INTEGER, $6::VARCHAR, $7::VARCHAR, $8::VARCHAR) RETURNING books.id
2025-05-28 00:00:06,373 - sqlalchemy.engine.Engine - INFO - [generated in 0.00180s] ('harry potter', 'J.K', 1997, 'Ph', 3000, <AvailabilityStatus.AVAILABLE: 'available'>, 'https://covers.openlibrary.org/b/id/10521270-L.jpg', 'Harry Potter #1\r\n\r\nWhen mysterious letters start arriving on his doorstep, Harry Potter has never heard of Hogwarts School of Witchcraft and Wiza ... (255 characters truncated) ... st of the Harry Potter adventures is set to begin.\r\n([source][1])\r\n\r\n\r\n  [1]: https://www.jkrowling.com/book/harry-potter-philosophers-stone/')
2025-05-28 00:00:06,381 - sqlalchemy.engine.Engine - INFO - COMMIT
2025-05-28 00:00:06,386 - sqlalchemy.engine.Engine - INFO - BEGIN (implicit)
2025-05-28 00:00:06,390 - sqlalchemy.engine.Engine - INFO - SELECT books.id, books.title, books.author, books.year, books.genre, books.pages, books.availability, books.cover_url, books.description 
FROM books 
WHERE books.id = $1::INTEGER
2025-05-28 00:00:06,391 - sqlalchemy.engine.Engine - INFO - [generated in 0.00113s] (1,)
2025-05-28 00:00:06,393 - book_catalog - INFO - Книга создана: <models.books.BookRepository object at 0x00000243BEBC0CE0>
2025-05-28 00:00:06,394 - sqlalchemy.engine.Engine - INFO - ROLLBACK
2025-05-28 00:00:12,438 - book_catalog - INFO - Фильтрация title=None author=None genre=None limit=10 offset=0
2025-05-28 00:00:12,440 - sqlalchemy.engine.Engine - INFO - BEGIN (implicit)
2025-05-28 00:00:12,441 - sqlalchemy.engine.Engine - INFO - SELECT books.id, books.title, books.author, books.year, books.genre, books.pages, books.availability, books.cover_url, books.description 
FROM books 
 LIMIT $1::INTEGER
2025-05-28 00:00:12,442 - sqlalchemy.engine.Engine - INFO - [generated in 0.00090s] (10,)
2025-05-28 00:00:12,445 - book_catalog - INFO - Получаем отфильтрованный список книг[<models.books.BookRepository object at 0x00000243C0C2CB00>]
2025-05-28 00:00:12,446 - sqlalchemy.engine.Engine - INFO - ROLLBACK
